sample_name	longer_sample_name	barcode_sequence	short_sample_name	origin	hfa	decomp
1	SEK2_5_HOK2_0_JRD	GTGGAGTCTCAT	JRD729	Sekiu	Away	0
2	SEK2_5_HOK1_0_JRD	ACCTTACACCTT	JRD730	Sekiu	Away	0
3	SEK2_5_SEK1_0_JRD	TAATCTCGCCGG	JRD731	Sekiu	Home	0
4	SEK2_3_HOK1_0_JRD	ATCTAGTGGCAA	JRD732	Sekiu	Away	0
5	SEK2_3_HOK2_0_JRD	ACGCTTAACGAC	JRD733	Sekiu	Away	0
6	SEK2_2_HOK2_0_JRD	TACGGATTATGG	JRD734	Sekiu	Away	0
7	SEK2_2_HOK1_0_JRD	ATACATGCAAGA	JRD735	Sekiu	Away	0
8	SEK2_2_SEK2_0_JRD	CTTAGTGCAGAA	JRD736	Sekiu	Home	0
9	SEK2_2_SEK1_0_JRD	AATCTTGCGCCG	JRD737	Sekiu	Home	0
10	SEK2_1_HOK2_0_JRD	AGGATCAGGGAA	JRD738	Sekiu	Away	0
11	SEK2_1_HOK1_0_JRD	AATAACTAGGGT	JRD739	Sekiu	Away	0
12	SEK2_3_SEK2_0_JRD	TATTGCAGCAGC	JRD740	Sekiu	Home	0
13	SEK2_5_SEK2_0_JRD	TGATGTGCTAAG	JRD741	Sekiu	Home	0
14	SEK2_1_SEK1_0_JRD	GTAGTAGACCAT	JRD742	Sekiu	Home	0
15	SEK2_1_SEK2_0_JRD	AGTAAAGATCGT	JRD743	Sekiu	Home	0
16	SEK2_4_SEK1_0_JRD	CTCGCCCTCGCC	JRD744	Sekiu	Home	0
17	SEK2_3_SEK1_0_JRD	TCTCTTTCGACA	JRD745	Sekiu	Home	0
18	SEK2_4_SEK2_0_JRD	GCCTCTACGTCG	JRD746	Sekiu	Home	0
19	SEK2_4_HOK1_0_JRD	ACATACTGAGCA	JRD747	Sekiu	Away	0
20	SEK2_4_HOK2_0_JRD	GTTGATACGATG	JRD748	Sekiu	Away	0
21	SEK1_5_HOK2_5_JRD	GTCAACGCTGTC	JRD749	Sekiu	Away	5
22	SEK1_4_HOK2_5_JRD	TGAGACCCTACA	JRD750	Sekiu	Away	5
23	SEK1_5_SEK2_5_JRD	ACTTGGTGTAAG	JRD751	Sekiu	Home	5
24	SEK1_4_HOK1_5_JRD	ATTACGTATCAT	JRD752	Sekiu	Away	5
25	HOK1_5_HOK2_10_JRD	CACGCAGTCTAC	JRD753	Hoko	Home	10
26	HOK1_5_HOK1_10_JRD	TGTGCACGCCAT	JRD754	Hoko	Home	10
27	HOK1_5_SEK2_10_JRD	CCGGACAAGAAG	JRD755	Hoko	Away	10
28	HOK1_3_SEK2_10_JRD	TTGCTGGACGCT	JRD756	Hoko	Away	10
29	HOK1_3_SEK1_10_JRD	TACTAACGCGGT	JRD757	Hoko	Away	10
30	HOK1_3_HOK2_10_JRD	GCGATCACACCT	JRD758	Hoko	Home	10
31	HOK1_4_SEK2_10_JRD	CAAACGCACTAA	JRD759	Hoko	Away	10
32	HOK1_4_HOK2_10_JRD	GAAGAGGGTTGA	JRD760	Hoko	Home	10
33	HOK1_4_HOK1_10_JRD	TGAGTGGTCTGT	JRD761	Hoko	Home	10
34	HOK1_4_SEK1_10_JRD	TTACACAAAGGC	JRD762	Hoko	Away	10
35	HOK1_5_SEK1_10_JRD	ACGACGCATTTG	JRD763	Hoko	Away	10
36	HOK1_1_HOK2_10_JRD	TATCCAAGCGCA	JRD764	Hoko	Home	10
37	HOK1_1_HOK1_10_JRD	AGAGCCAAGAGC	JRD765	Hoko	Home	10
38	HOK1_1_SEK2_10_JRD	GGTGAGCAAGCA	JRD766	Hoko	Away	10
39	HOK1_3_HOK1_10_JRD	TAAATATACCCT	JRD767	Hoko	Home	10
40	HOK1_2_SEK1_10_JRD	TTGCGGACCCTA	JRD768	Hoko	Away	10
41	HOK1_2_SEK2_10_JRD	GTCGTCCAAATG	JRD769	Hoko	Away	10
42	HOK1_2_HOK1_10_JRD	TGCACAGTCGCT	JRD770	Hoko	Home	10
43	HOK1_1_SEK1_10_JRD	TTACTGTGGCCG	JRD771	Hoko	Away	10
44	HOK1_2_HOK2_10_JRD	GGTTCATGAACA	JRD772	Hoko	Home	10
45	SEK1_4_SEK2_5_JRD	TAACAATAATTC	JRD773	Sekiu	Home	5
46	SEK1_4_SEK1_5_JRD	CTTATTAAACGT	JRD774	Sekiu	Home	5
47	SEK1_5_SEK1_5_JRD	GCTCGAAGATTC	JRD775	Sekiu	Home	5
48	SEK1_3_SEK2_5_JRD	TATTTGATTGGT	JRD776	Sekiu	Home	5
49	SEK1_1_SEK2_5_JRD	TGTCAAAGTGAC	JRD777	Sekiu	Home	5
50	SEK1_1_HOK1_5_JRD	CTATGTATTAGT	JRD778	Sekiu	Away	5
51	SEK1_1_HOK2_5_JRD	ACTCCCGTGTGA	JRD779	Sekiu	Away	5
52	SEK1_2_SEK2_5_JRD	AATTTAGGTAGG	JRD780	Sekiu	Home	5
53	SEK1_2_SEK1_5_JRD	CGGTATAGCAAT	JRD781	Sekiu	Home	5
54	SEK1_2_HOK1_5_JRD	GACTCTGCTCAG	JRD782	Sekiu	Away	5
55	SEK1_2_HOK2_5_JRD	GTCATGCTCCAG	JRD783	Sekiu	Away	5
56	SEK1_3_HOK1_5_JRD	TACCGAAGGTAT	JRD784	Sekiu	Away	5
57	SEK1_3_HOK2_5_JRD	TGAGTATGAGTA	JRD785	Sekiu	Away	5
58	SEK1_1_SEK1_5_JRD	AATGGTTCAGCA	JRD786	Sekiu	Home	5
59	SEK1_3_SEK1_5_JRD	GAACCAGTACTC	JRD787	Sekiu	Home	5
60	SEK1_5_HOK1_5_JRD	CGCACCCATACA	JRD788	Sekiu	Away	5
61	SEK2_5_HOK2_10_JRD	GTGCCATAATCG	JRD789	Sekiu	Away	10
62	SEK2_5_HOK1_10_JRD	ACTCTTACTTAG	JRD790	Sekiu	Away	10
63	SEK2_5_SEK2_10_JRD	CTACAGGGTCTC	JRD791	Sekiu	Home	10
64	SEK2_5_SEK1_10_JRD	CTTGGAGGCTTA	JRD792	Sekiu	Home	10
65	SEK2_2_SEK1_10_JRD	TATCATATTACG	JRD793	Sekiu	Home	10
66	SEK2_4_SEK2_10_JRD	CTATATTATCCG	JRD794	Sekiu	Home	10
67	SEK2_1_HOK2_10_JRD	ACCGAACAATCC	JRD795	Sekiu	Away	10
68	SEK2_1_HOK1_10_JRD	ACGGTACCCTAC	JRD796	Sekiu	Away	10
69	SEK2_1_SEK2_10_JRD	TGAGTCATTGAG	JRD797	Sekiu	Home	10
70	SEK2_1_SEK1_10_JRD	ACCTACTTGTCT	JRD798	Sekiu	Home	10
71	SEK2_4_SEK1_10_JRD	ACTGTGACGTCC	JRD799	Sekiu	Home	10
72	SEK2_2_HOK2_10_JRD	CTCTGAGGTAAC	JRD800	Sekiu	Away	10
73	SEK2_2_HOK1_10_JRD	CATGTCTTCCAT	JRD801	Sekiu	Away	10
74	SEK2_2_SEK2_10_JRD	AACAGTAAACAA	JRD802	Sekiu	Home	10
75	SEK2_4_HOK2_10_JRD	GTTCATTAAACT	JRD803	Sekiu	Away	10
76	SEK2_3_HOK2_10_JRD	GTGCCGGCCGAC	JRD804	Sekiu	Away	10
77	SEK2_3_HOK1_10_JRD	CCTTGACCGATG	JRD805	Sekiu	Away	10
78	SEK2_3_SEK2_10_JRD	CAAACTGCGTTG	JRD806	Sekiu	Home	10
79	SEK2_4_HOK1_10_JRD	TCGAGAGTTTGC	JRD807	Sekiu	Away	10
80	SEK2_3_SEK1_10_JRD	CGACACGGAGAA	JRD808	Sekiu	Home	10
81	SEK1_5_SEK1_0_JRD	TCCACAGGGTTC	JRD809	Sekiu	Home	0
82	SEK1_5_SEK2_0_JRD	GGAGAACGACAC	JRD810	Sekiu	Home	0
83	SEK1_5_HOK1_0_JRD	CCTACCATTGTT	JRD811	Sekiu	Away	0
84	SEK1_1_SEK2_0_JRD	TCCGGCGGGCAA	JRD812	Sekiu	Home	0
85	SEK1_3_SEK2_0_JRD	TAATCCATAATC	JRD813	Sekiu	Home	0
86	SEK1_2_SEK1_0_JRD	CCTCCGTCATGG	JRD814	Sekiu	Home	0
87	SEK1_3_HOK1_0_JRD	TTCGATGCCGCA	JRD815	Sekiu	Away	0
88	SEK1_2_HOK2_0_JRD	AGAGGGTGATCG	JRD816	Sekiu	Away	0
89	SEK1_3_SEK1_0_JRD	AGCTCTAGAAAC	JRD817	Sekiu	Home	0
90	SEK1_4_SEK1_0_JRD	CTGACACGAATA	JRD818	Sekiu	Home	0
91	SEK1_3_HOK2_0_JRD	GCTGCCCACCTA	JRD819	Sekiu	Away	0
92	SEK1_4_HOK2_0_JRD	GCGTTTGCTAGC	JRD820	Sekiu	Away	0
93	SEK1_5_HOK2_0_JRD	AGATCGTGCCTA	JRD821	Sekiu	Away	0
94	SEK1_4_HOK1_0_JRD	AATTAATATGTA	JRD822	Sekiu	Away	0
95	SEK1_4_SEK2_0_JRD	CATTTCGCACTT	JRD823	Sekiu	Home	0
96	SEK1_1_HOK1_0_JRD	ACATGATATTCT	JRD824	Sekiu	Away	0
97	SEK1_1_SEK1_0_JRD	GCAACGAACGAG	JRD825	Sekiu	Home	0
98	SEK1_2_HOK1_0_JRD	AGATGTCCGTCA	JRD826	Sekiu	Away	0
99	SEK1_2_SEK2_0_JRD	TCGTTATTCAGT	JRD827	Sekiu	Home	0
100	SEK1_1_HOK2_0_JRD	GGATACTCGCAT	JRD828	Sekiu	Away	0
101	SEK1_4_HOK2_10_JRD	AATGTTCAACTT	JRD829	Sekiu	Away	10
102	SEK1_4_HOK1_10_JRD	AGCAGTGCGGTG	JRD830	Sekiu	Away	10
103	SEK1_4_SEK2_10_JRD	GCATATGCACTG	JRD831	Sekiu	Home	10
104	SEK1_5_HOK2_10_JRD	CCGGCGACAGAA	JRD832	Sekiu	Away	10
105	SEK1_5_HOK1_10_JRD	CCTCACTAGCGA	JRD833	Sekiu	Away	10
106	SEK1_5_SEK2_10_JRD	CTAATCAGAGTG	JRD834	Sekiu	Home	10
107	SEK1_5_SEK1_10_JRD	CTACTCCACGAG	JRD835	Sekiu	Home	10
108	SEK1_3_SEK1_10_JRD	TAAGGCATCGCT	JRD836	Sekiu	Home	10
109	SEK1_1_SEK1_10_JRD	AGCGCGGCGAAT	JRD837	Sekiu	Home	10
110	SEK1_2_HOK2_10_JRD	TAGCAGTTGCGT	JRD838	Sekiu	Away	10
111	SEK1_1_SEK2_10_JRD	ACTCTGTAATTA	JRD839	Sekiu	Home	10
112	SEK1_1_HOK1_10_JRD	TCATGGCCTCCG	JRD840	Sekiu	Away	10
113	SEK1_1_HOK2_10_JRD	CAATCATAGGTG	JRD841	Sekiu	Away	10
114	SEK1_2_HOK1_10_JRD	GTTGGACGAAGG	JRD842	Sekiu	Away	10
115	SEK1_2_SEK2_10_JRD	GTCACTCCGAAC	JRD843	Sekiu	Home	10
116	SEK1_2_SEK1_10_JRD	CGTTCTGGTGGT	JRD844	Sekiu	Home	10
117	SEK1_4_SEK1_10_JRD	TAGTTCGGTGAC	JRD845	Sekiu	Home	10
118	SEK1_3_SEK2_10_JRD	GACTCAACCAGT	JRD846	Sekiu	Home	10
119	HOK2_5_HOK2_10_JRD	TTAATGGATCGG	JRD847	Hoko	Home	10
120	HOK2_5_SEK2_10_JRD	TCAAGTCCGCAC	JRD848	Hoko	Away	10
121	HOK2_4_HOK2_10_JRD	CACACAAAGTCA	JRD849	Hoko	Home	10
122	HOK2_1_SEK1_10_JRD	GTCAGGTGCGGC	JRD850	Hoko	Away	10
123	HOK2_1_HOK2_10_JRD	TTGAACAAGCCA	JRD851	Hoko	Home	10
124	HOK2_1_HOK1_10_JRD	ATATGTTCTCAA	JRD852	Hoko	Home	10
125	HOK2_1_SEK2_10_JRD	ATGTGCTGCTCG	JRD853	Hoko	Away	10
126	HOK2_4_SEK2_10_JRD	CCGATAAAGGTT	JRD854	Hoko	Away	10
127	HOK2_4_HOK1_10_JRD	CAGGAACCAGGA	JRD855	Hoko	Home	10
128	HOK2_4_SEK1_10_JRD	GCATAAACGACT	JRD856	Hoko	Away	10
129	HOK2_3_HOK2_10_JRD	ATCGTAGTGGTC	JRD857	Hoko	Home	10
130	HOK2_2_HOK2_10_JRD	ACTAAAGCAAAC	JRD858	Hoko	Home	10
131	HOK2_3_SEK1_10_JRD	TAGGAACTCACC	JRD859	Hoko	Away	10
132	HOK2_3_HOK1_10_JRD	GTCCGTCCTGGT	JRD860	Hoko	Home	10
133	HOK2_3_SEK2_10_JRD	CGAGGCGAGTCA	JRD861	Hoko	Away	10
134	HOK2_2_HOK1_10_JRD	TTCCAATACTCA	JRD862	Hoko	Home	10
135	HOK2_2_SEK1_10_JRD	AACTCAATAGCG	JRD863	Hoko	Away	10
136	HOK2_2_SEK2_10_JRD	TCAGACCAACTG	JRD864	Hoko	Away	10
137	HOK2_1_SEK1_15_JRD	CCACGAGCAGGC	JRD865	Hoko	Away	15
138	HOK2_1_SEK2_15_JRD	GCGTGCCCGGCC	JRD866	Hoko	Away	15
139	HOK2_2_SEK1_15_JRD	CAAAGGAGCCCG	JRD867	Hoko	Away	15
140	HOK2_1_HOK1_15_JRD	TGCGGCGTCAGG	JRD868	Hoko	Home	15
141	HOK2_1_HOK2_15_JRD	CGCTGTGGATTA	JRD869	Hoko	Home	15
142	HOK2_2_HOK2_15_JRD	CTTGCTCATAAT	JRD870	Hoko	Home	15
143	HOK2_2_HOK1_15_JRD	ACGACAACGGGC	JRD871	Hoko	Home	15
144	HOK2_4_HOK1_15_JRD	CTAGCGTGCGTT	JRD872	Hoko	Home	15
145	HOK2_5_HOK2_15_JRD	TAGTCTAAGGGT	JRD873	Hoko	Home	15
146	HOK2_3_SEK1_15_JRD	GTTTGAAACACG	JRD874	Hoko	Away	15
147	HOK2_2_SEK2_15_JRD	ACCTCAGTCAAG	JRD875	Hoko	Away	15
148	HOK2_5_SEK2_15_JRD	TCATTAGCGTGG	JRD876	Hoko	Away	15
149	HOK2_3_HOK1_15_JRD	TATGGTACCCAG	JRD877	Hoko	Home	15
150	HOK2_3_HOK2_15_JRD	CGCCGTACTTGC	JRD878	Hoko	Home	15
151	HOK2_4_SEK2_15_JRD	TAAACCTGGACA	JRD879	Hoko	Away	15
152	HOK2_3_SEK2_15_JRD	CCAACCCAGATC	JRD880	Hoko	Away	15
153	HOK2_4_HOK2_15_JRD	TTAAGTTAAGTT	JRD881	Hoko	Home	15
154	HOK2_4_SEK1_15_JRD	AGCCGCGGGTCC	JRD882	Hoko	Away	15
155	HOK1_1_SEK1_20_JRD	GGTAGTTCATAG	JRD883	Hoko	Away	20
156	HOK1_1_SEK2_20_JRD	CGATGAATATCG	JRD884	Hoko	Away	20
157	HOK1_2_SEK1_20_JRD	GTTCTAAGGTGA	JRD885	Hoko	Away	20
158	HOK1_4_SEK1_20_JRD	ATGACTAAGATG	JRD886	Hoko	Away	20
159	HOK1_1_HOK1_20_JRD	TACAGCGCATAC	JRD887	Hoko	Home	20
160	HOK1_3_SEK2_20_JRD	TGACAGAATCCA	JRD888	Hoko	Away	20
161	HOK1_2_HOK2_20_JRD	CCTCGCATGACC	JRD889	Hoko	Home	20
162	HOK1_2_HOK1_20_JRD	AATTCACCTCCT	JRD890	Hoko	Home	20
163	HOK1_4_SEK2_20_JRD	GGCGTAACGGCA	JRD891	Hoko	Away	20
164	HOK1_4_HOK1_20_JRD	GCGAGGAAGTCC	JRD892	Hoko	Home	20
165	HOK1_3_SEK1_20_JRD	CAAATTCGGGAT	JRD893	Hoko	Away	20
166	HOK1_2_SEK2_20_JRD	TTGTGTCTCCCT	JRD894	Hoko	Away	20
167	HOK1_4_HOK2_20_JRD	CAATGTAGACAC	JRD895	Hoko	Home	20
168	HOK1_3_HOK1_20_JRD	AACCACTAACCG	JRD896	Hoko	Home	20
169	HOK1_5_HOK2_20_JRD	AACTTTCAGGAG	JRD897	Hoko	Home	20
170	HOK1_5_HOK1_20_JRD	CCAGGACAGGAA	JRD898	Hoko	Home	20
171	HOK1_5_SEK2_20_JRD	GCGCGGCGTTGC	JRD899	Hoko	Away	20
172	HOK1_3_HOK2_20_JRD	GTCGCTTGCACA	JRD900	Hoko	Home	20
173	HOK1_1_HOK2_20_JRD	TCCGCCTAGTCG	JRD901	Hoko	Home	20
174	HOK1_5_SEK1_20_JRD	CGCGCAAGTATT	JRD902	Hoko	Away	20
175	HOK1_5_SEK1_15_JRD	AATACAGACCTG	JRD903	Hoko	Away	15
176	HOK1_4_HOK2_15_JRD	GGACAAGTGCGA	JRD904	Hoko	Home	15
177	HOK1_4_HOK1_15_JRD	TACGGTCTGGAT	JRD905	Hoko	Home	15
178	HOK1_5_HOK2_15_JRD	TTCAGTTCGTTA	JRD906	Hoko	Home	15
179	HOK1_5_HOK1_15_JRD	ACTACTGAGGAT	JRD907	Hoko	Home	15
180	HOK1_5_SEK2_15_JRD	CCGCGTCTCAAC	JRD908	Hoko	Away	15
181	HOK1_3_HOK2_15_JRD	CCGAGGTATAAT	JRD909	Hoko	Home	15
182	HOK1_3_SEK1_15_JRD	AGATTCGCTCGA	JRD910	Hoko	Away	15
183	HOK1_2_HOK1_15_JRD	TTGCCGCTCTGG	JRD911	Hoko	Home	15
184	HOK1_2_HOK2_15_JRD	AGACTTCTCAGG	JRD912	Hoko	Home	15
185	HOK1_3_SEK2_15_JRD	TCTTGCGGAGTC	JRD913	Hoko	Away	15
186	HOK1_4_SEK2_15_JRD	CTATCTCCTGTC	JRD914	Hoko	Away	15
187	HOK1_4_SEK1_15_JRD	AAGGCGCTCCTT	JRD915	Hoko	Away	15
188	HOK1_3_HOK1_15_JRD	GATCTAATCGAG	JRD916	Hoko	Home	15
189	HOK1_2_SEK1_15_JRD	CTGATGTACACG	JRD917	Hoko	Away	15
190	HOK1_2_SEK2_15_JRD	ACGTATTCGAAG	JRD918	Hoko	Away	15
191	HOK1_1_HOK2_15_JRD	GACGTTAAGAAT	JRD919	Hoko	Home	15
192	HOK1_1_SEK1_15_JRD	TGGTGGAGTTTC	JRD920	Hoko	Away	15
193	HOK1_1_SEK2_15_JRD	TTAACAAGGCAA	JRD921	Hoko	Away	15
194	HOK1_1_HOK1_15_JRD	AACCGCATAAGT	JRD922	Hoko	Home	15
195	SEK1_5_HOK1_15_JRD	CCACAACGATCA	JRD923	Sekiu	Away	15
196	SEK1_5_SEK1_15_JRD	AGTTCTCATTAA	JRD924	Sekiu	Home	15
197	SEK1_5_SEK2_15_JRD	GAGCCATCTGTA	JRD925	Sekiu	Home	15
198	SEK1_3_HOK2_15_JRD	GATATACCAGTG	JRD926	Sekiu	Away	15
199	SEK1_3_SEK2_15_JRD	CGCAATGAGGGA	JRD927	Sekiu	Home	15
200	SEK1_1_HOK2_15_JRD	CCGCAGCCGCAG	JRD928	Sekiu	Away	15
201	SEK1_3_HOK1_15_JRD	TGGAGCCTTGTC	JRD929	Sekiu	Away	15
202	SEK1_3_SEK1_15_JRD	TTACTTATCCGA	JRD930	Sekiu	Home	15
203	SEK1_5_HOK2_15_JRD	ATGGGACCTTCA	JRD931	Sekiu	Away	15
204	SEK1_4_SEK1_15_JRD	TCCGATAATCGG	JRD932	Sekiu	Home	15
205	SEK1_4_HOK2_15_JRD	AAGTCACACACA	JRD933	Sekiu	Away	15
206	SEK1_2_HOK1_15_JRD	GAAGTAGCGAGC	JRD934	Sekiu	Away	15
207	SEK1_4_HOK1_15_JRD	CACCATCTCCGG	JRD935	Sekiu	Away	15
208	SEK1_1_SEK2_15_JRD	GTGTCGAGGGCA	JRD936	Sekiu	Home	15
209	SEK1_4_SEK2_15_JRD	TTCCACACGTGG	JRD937	Sekiu	Home	15
210	SEK1_2_SEK1_15_JRD	AGAATCCACCAC	JRD938	Sekiu	Home	15
211	SEK1_2_SEK2_15_JRD	ACGGCGTTATGT	JRD939	Sekiu	Home	15
212	SEK1_1_HOK1_15_JRD	GAACCGTGCAGG	JRD940	Sekiu	Away	15
213	SEK1_1_SEK1_15_JRD	ACGTGCCTTAGA	JRD941	Sekiu	Home	15
214	SEK1_2_HOK2_15_JRD	AGTTGTAGTCCG	JRD942	Sekiu	Away	15
215	HOK1_5_HOK1_5_JRD	AGGGACTTCAAT	JRD943	Hoko	Home	5
216	HOK1_5_HOK2_5_JRD	CGGCCAGAAGCA	JRD944	Hoko	Home	5
217	HOK1_5_SEK2_5_JRD	TGGCAGCGAGCC	JRD945	Hoko	Away	5
218	HOK1_3_HOK2_5_JRD	GTGAATGTTCGA	JRD946	Hoko	Home	5
219	HOK1_5_SEK1_5_JRD	TATGTTGACGGC	JRD947	Hoko	Away	5
220	HOK1_2_HOK2_5_JRD	AGTGTTTCGGAC	JRD948	Hoko	Home	5
221	HOK1_4_HOK1_5_JRD	ATTTCCGCTAAT	JRD949	Hoko	Home	5
222	HOK1_4_SEK2_5_JRD	CAAACCTATGGC	JRD950	Hoko	Away	5
223	HOK1_4_SEK1_5_JRD	CATTTGACGACG	JRD951	Hoko	Away	5
224	HOK1_4_HOK2_5_JRD	ACTAAGTACCCG	JRD952	Hoko	Home	5
225	HOK1_1_SEK1_5_JRD	CACCCTTGCGAC	JRD953	Hoko	Away	5
226	HOK1_2_SEK1_5_JRD	GATGCCTAATGA	JRD954	Hoko	Away	5
227	HOK1_1_HOK1_5_JRD	GTACGTCACTGA	JRD955	Hoko	Home	5
228	HOK1_2_HOK1_5_JRD	TCGCTACAGATG	JRD956	Hoko	Home	5
229	HOK1_1_HOK2_5_JRD	CCGGCTTATGTG	JRD957	Hoko	Home	5
230	HOK1_2_SEK2_5_JRD	ATAGTCCTTTAA	JRD958	Hoko	Away	5
231	HOK1_1_SEK2_5_JRD	TCGAGCCGATCT	JRD959	Hoko	Away	5
232	HOK1_3_SEK1_5_JRD	AGTGCAGGAGCC	JRD960	Hoko	Away	5
233	HOK1_3_SEK2_5_JRD	GTACTCGAACCA	JRD961	Hoko	Away	5
234	HOK1_3_HOK1_5_JRD	ATAGGAATAACC	JRD962	Hoko	Home	5
235	SEK2_1_HOK1_15_JRD	GCTGCGTATACC	JRD963	Sekiu	Away	15
236	SEK2_1_SEK2_15_JRD	CTCAGCGGGACG	JRD964	Sekiu	Home	15
237	SEK2_1_SEK1_15_JRD	ATGCCTCGTAAG	JRD965	Sekiu	Home	15
238	SEK2_3_SEK1_15_JRD	TTAGTTTGTCAC	JRD966	Sekiu	Home	15
239	SEK2_3_SEK2_15_JRD	CCGGCCGCGTGC	JRD967	Sekiu	Home	15
240	SEK2_2_SEK1_15_JRD	ATTATGATTATG	JRD968	Sekiu	Home	15
241	SEK2_1_HOK2_15_JRD	CGAATACTGACA	JRD969	Sekiu	Away	15
242	SEK2_4_SEK1_15_JRD	TCTTATAACGCT	JRD970	Sekiu	Home	15
243	SEK2_3_HOK2_15_JRD	TAAGGTCGATAA	JRD971	Sekiu	Away	15
244	SEK2_4_SEK2_15_JRD	GTTGCTGAGTCC	JRD972	Sekiu	Home	15
245	SEK2_4_HOK1_15_JRD	ACACCGCACAAT	JRD973	Sekiu	Away	15
246	SEK2_4_HOK2_15_JRD	AGCCCTGCTACA	JRD974	Sekiu	Away	15
247	SEK2_2_SEK2_15_JRD	CACAACCACAAC	JRD975	Sekiu	Home	15
248	SEK2_3_HOK1_15_JRD	GAGAAGCTTATA	JRD976	Sekiu	Away	15
249	SEK2_2_HOK1_15_JRD	GTTAACTTACTA	JRD977	Sekiu	Away	15
250	SEK2_2_HOK2_15_JRD	GTTGTTCTGGGA	JRD978	Sekiu	Away	15
251	SEK2_5_SEK1_15_JRD	AGGGTGACTTTA	JRD979	Sekiu	Home	15
252	SEK2_5_SEK2_15_JRD	GCCGCCAGGGTC	JRD980	Sekiu	Home	15
253	SEK2_5_HOK1_15_JRD	GCCACCGCCGGA	JRD981	Sekiu	Away	15
254	HOK2_2_HOK2_5_JRD	ACACACCCTGAC	JRD982	Hoko	Home	5
255	HOK2_3_HOK1_5_JRD	TATAGGCTCCGC	JRD983	Hoko	Home	5
256	HOK2_4_SEK1_5_JRD	ATAATTGCCGAG	JRD984	Hoko	Away	5
257	HOK2_2_HOK1_5_JRD	CGGAGAGACATG	JRD985	Hoko	Home	5
258	HOK2_5_HOK2_5_JRD	CAGCCCTACCCA	JRD986	Hoko	Home	5
259	HOK2_3_HOK2_5_JRD	TCGTTGGGACTA	JRD987	Hoko	Home	5
260	SEK2_5_HOK2_15_JRD	TAGGACGGGAGT	JRD988	Sekiu	Away	15
261	HOK2_3_SEK2_5_JRD	AAGTCTTATCTC	JRD989	Hoko	Away	5
262	HOK2_3_SEK1_5_JRD	TTGCACCGTCGA	JRD990	Hoko	Away	5
263	HOK2_2_SEK2_5_JRD	CTCCGAACAACA	JRD991	Hoko	Away	5
264	HOK2_2_SEK1_5_JRD	TCTGGCTACGAC	JRD992	Hoko	Away	5
265	HOK2_1_HOK2_5_JRD	AGTAGTTTCCTT	JRD993	Hoko	Home	5
266	HOK2_5_SEK2_5_JRD	CAGATCCCAACC	JRD994	Hoko	Away	5
267	HOK2_4_HOK2_5_JRD	GATAGCACTCGT	JRD995	Hoko	Home	5
268	HOK2_4_HOK1_5_JRD	GTAATTGTAATT	JRD996	Hoko	Home	5
269	HOK2_4_SEK2_5_JRD	TGCTACAGACGT	JRD997	Hoko	Away	5
270	SEK1_1_SEK1_20_JRD	AGGTGAGTTCTA	JRD998	Sekiu	Home	20
271	SEK1_1_HOK1_20_JRD	AACGATCATAGA	JRD999	Sekiu	Away	20
272	SEK1_1_SEK2_20_JRD	GTTTGGCCACAC	JRD1000	Sekiu	Home	20
273	SEK1_5_HOK2_20_JRD	GTCCTACACAGC	JRD1001	Sekiu	Away	20
274	SEK1_1_HOK2_20_JRD	ATTTACAATTGA	JRD1002	Sekiu	Away	20
275	SEK1_2_SEK1_20_JRD	CCACTGCCCACC	JRD1003	Sekiu	Home	20
276	SEK1_5_SEK2_20_JRD	ATAGTTAGGGCT	JRD1004	Sekiu	Home	20
277	SEK1_5_HOK1_20_JRD	GACCCGTTTCGC	JRD1005	Sekiu	Away	20
278	SEK1_3_SEK2_20_JRD	TGACTGCGTTAG	JRD1006	Sekiu	Home	20
279	SEK1_5_SEK1_20_JRD	ACGTTAATATTC	JRD1007	Sekiu	Home	20
280	SEK1_4_HOK1_20_JRD	CCTAACGGTCCA	JRD1008	Sekiu	Away	20
281	SEK1_4_HOK2_20_JRD	TCTAACGAGTGC	JRD1009	Sekiu	Away	20
282	HOK2_1_SEK1_5_JRD	GATCCCACGTAC	JRD1010	Hoko	Away	5
283	HOK2_1_SEK2_5_JRD	CCGCCAGCTTTG	JRD1011	Hoko	Away	5
284	HOK2_1_HOK1_5_JRD	TCATCTTGATTG	JRD1012	Hoko	Home	5
285	SEK1_3_HOK2_20_JRD	TATATAGTATCC	JRD1013	Sekiu	Away	20
286	HOK2_2_HOK2_20_JRD	CGCGCCTTAAAC	JRD1014	Hoko	Home	20
287	HOK2_1_SEK1_20_JRD	ACTGTTTACTGT	JRD1015	Hoko	Away	20
288	HOK2_1_SEK2_20_JRD	GTCACGGACATT	JRD1016	Hoko	Away	20
289	HOK2_1_HOK1_20_JRD	GAATATACCTGG	JRD1017	Hoko	Home	20
290	HOK2_5_SEK2_20_JRD	GAATCTGACAAC	JRD1018	Hoko	Away	20
291	SEK2_5_SEK1_20_JRD	ATTGCCTTGATT	JRD1019	Sekiu	Home	20
292	HOK2_1_HOK2_20_JRD	GAGCCCAAAGAG	JRD1020	Hoko	Home	20
293	HOK2_2_SEK1_20_JRD	CCATGTGGCTCC	JRD1021	Hoko	Away	20
294	HOK2_2_HOK1_20_JRD	CGTTCCTTGTTA	JRD1022	Hoko	Home	20
295	HOK2_2_SEK2_20_JRD	CGCTAGGATGTT	JRD1023	Hoko	Away	20
296	HOK2_5_HOK2_20_JRD	AGCGGTAGCGGT	JRD1024	Hoko	Home	20
297	SEK2_2_HOK2_20_JRD	GTCAGTATGGCT	JRD1025	Sekiu	Away	20
298	HOK2_3_SEK1_20_JRD	CATAAGGGAGGC	JRD1026	Hoko	Away	20
299	HOK2_3_SEK2_20_JRD	CAGGCCACTCTC	JRD1027	Hoko	Away	20
300	HOK2_3_HOK1_20_JRD	ACAGTTGTACGC	JRD1028	Hoko	Home	20
301	HOK2_4_SEK1_20_JRD	ACCAGAAATGTC	JRD1029	Hoko	Away	20
302	SEK1_3_HOK1_20_JRD	CTCATCATGTTC	JRD1030	Sekiu	Away	20
303	SEK2_5_SEK2_20_JRD	TTAGGATTCTAT	JRD1031	Sekiu	Home	20
304	HOK2_4_SEK2_20_JRD	CAACGAACCATC	JRD1032	Hoko	Away	20
305	HOK2_3_HOK2_20_JRD	ACACGTTTGGGT	JRD1033	Hoko	Home	20
306	HOK2_4_HOK1_20_JRD	CGTCGCAGCCTT	JRD1034	Hoko	Home	20
307	HOK2_4_HOK2_20_JRD	CTACTTACATCC	JRD1035	Hoko	Home	20
308	SEK1_4_SEK1_20_JRD	CGCACGTACCTC	JRD1036	Sekiu	Home	20
309	SEK2_4_HOK1_20_JRD	GTCCTCGCGACT	JRD1037	Sekiu	Away	20
310	SEK1_4_SEK2_20_JRD	GTGCAACCAATC	JRD1038	Sekiu	Home	20
311	SEK2_3_SEK1_20_JRD	ACCCAAGCGTTA	JRD1039	Sekiu	Home	20
312	SEK2_3_SEK2_20_JRD	ACTGGCAAACCT	JRD1040	Sekiu	Home	20
313	SEK2_2_HOK1_20_JRD	AACACCATCGAC	JRD1041	Sekiu	Away	20
314	SEK2_2_SEK2_20_JRD	TTATCCAGTCCT	JRD1042	Sekiu	Home	20
315	SEK2_2_SEK1_20_JRD	GTTTATCTTAAG	JRD1043	Sekiu	Home	20
316	SEK2_1_HOK1_20_JRD	GTTCGCCGCATC	JRD1044	Sekiu	Away	20
317	SEK2_1_HOK2_20_JRD	AGACTATTTCAT	JRD1045	Sekiu	Away	20
318	SEK2_5_HOK2_20_JRD	AGCGATTCCTCG	JRD1046	Sekiu	Away	20
319	SEK2_5_HOK1_20_JRD	ACCACCGTAACC	JRD1047	Sekiu	Away	20
320	SEK1_3_SEK1_20_JRD	AGGAAGTAACTT	JRD1048	Sekiu	Home	20
321	SEK1_2_SEK2_20_JRD	CGTTCGCTAGCC	JRD1049	Sekiu	Home	20
322	SEK1_2_HOK1_20_JRD	CTCACCTAGGAA	JRD1050	Sekiu	Away	20
323	SEK1_2_HOK2_20_JRD	AGATGCAATGAT	JRD1051	Sekiu	Away	20
324	SEK2_1_HOK1_5_JRD	GCATTCGGCGTT	JRD1052	Sekiu	Away	5
325	SEK2_1_SEK1_5_JRD	TCTACATACATA	JRD1053	Sekiu	Home	5
326	SEK2_1_SEK2_5_JRD	GAGTCTTGGTAA	JRD1054	Sekiu	Home	5
327	SEK2_3_HOK2_20_JRD	CAGTCTAGTACG	JRD1055	Sekiu	Away	20
328	SEK2_4_HOK1_5_JRD	GTTCGAGTGAAT	JRD1056	Sekiu	Away	5
329	SEK2_4_SEK2_5_JRD	AGTCCGAGTTGT	JRD1057	Sekiu	Home	5
330	SEK2_4_SEK1_5_JRD	CGTGAGGACCAG	JRD1058	Sekiu	Home	5
331	SEK2_2_HOK2_5_JRD	CGGTTGGCGGGT	JRD1059	Sekiu	Away	5
332	SEK2_2_SEK1_5_JRD	CGATTCCTTAAT	JRD1060	Sekiu	Home	5
333	SEK2_2_SEK2_5_JRD	TACAATATCTGT	JRD1061	Sekiu	Home	5
334	SEK2_4_SEK1_20_JRD	TGCCTGCTCGAC	JRD1062	Sekiu	Home	20
335	SEK2_4_SEK2_20_JRD	TACTGTACTGTT	JRD1063	Sekiu	Home	20
336	SEK2_3_HOK1_20_JRD	TCTCGCACTGGA	JRD1064	Sekiu	Away	20
337	SEK2_4_HOK2_20_JRD	ACCAGTGACTCA	JRD1065	Sekiu	Away	20
338	SEK2_5_HOK2_5_JRD	TGGCGCACGGAC	JRD1066	Sekiu	Away	5
339	SEK2_5_HOK1_5_JRD	CATTTACATCAC	JRD1067	Sekiu	Away	5
340	SEK2_5_SEK2_5_JRD	GTGGGACTGCGC	JRD1068	Sekiu	Home	5
341	SEK2_5_SEK1_5_JRD	CGGCCTAAGTTC	JRD1069	Sekiu	Home	5
342	SEK2_4_HOK2_5_JRD	GCTGAGCCTTTG	JRD1070	Sekiu	Away	5
343	SEK2_3_SEK1_5_JRD	AGAGACGCGTAG	JRD1071	Sekiu	Home	5
344	SEK2_3_HOK2_5_JRD	CCACCGGGCCGA	JRD1072	Sekiu	Away	5
345	SEK2_3_HOK1_5_JRD	AATCCGGTCACC	JRD1073	Sekiu	Away	5
346	SEK2_3_SEK2_5_JRD	TCTTACCCATAA	JRD1074	Sekiu	Home	5
347	SEK2_2_HOK1_5_JRD	CTAGAGCTCCCA	JRD1075	Sekiu	Away	5
348	SEK2_1_HOK2_5_JRD	GGTCTTAGCACC	JRD1076	Sekiu	Away	5
349	HOK1_1_SEK1_0_JRD	GCCTACTCTCGG	JRD1077	Hoko	Away	0
350	HOK1_1_SEK2_0_JRD	ACTGCCCGATAC	JRD1078	Hoko	Away	0
351	HOK1_2_HOK1_0_JRD	TTCTTAACGCCT	JRD1079	Hoko	Home	0
352	HOK2_1_HOK2_0_JRD	CTCCCGAGCTCC	JRD1080	Hoko	Home	0
353	HOK2_3_SEK2_0_JRD	TAGACTTCAGAG	JRD1081	Hoko	Away	0
354	HOK2_3_SEK1_0_JRD	ACTTAGACTCTT	JRD1082	Hoko	Away	0
355	HOK2_4_HOK2_0_JRD	GGACCTGGATGG	JRD1083	Hoko	Home	0
356	HOK2_3_HOK1_0_JRD	TATGTGCCGGCT	JRD1084	Hoko	Home	0
357	HOK2_3_HOK2_0_JRD	ATACCGTCTTTC	JRD1085	Hoko	Home	0
358	HOK2_5_HOK1_0_JRD	TGTGCTTGTAGG	JRD1086	Hoko	Home	0
359	HOK2_5_HOK2_0_JRD	ATGTTAGGGAAT	JRD1087	Hoko	Home	0
360	HOK2_5_SEK2_0_JRD	GCTAGTTATGGA	JRD1088	Hoko	Away	0
361	HOK2_5_SEK1_0_JRD	TCATCCGTCGGC	JRD1089	Hoko	Away	0
362	HOK2_4_SEK1_0_JRD	ATTTGGCTCTTA	JRD1090	Hoko	Away	0
363	HOK2_4_SEK2_0_JRD	GATCCGGCAGGA	JRD1091	Hoko	Away	0
364	HOK2_2_HOK2_0_JRD	GTTAAGCTGACC	JRD1092	Hoko	Home	0
365	HOK2_2_HOK1_0_JRD	CCTATTGCGGCC	JRD1093	Hoko	Home	0
366	HOK2_2_SEK2_0_JRD	CAATAGAATAAG	JRD1094	Hoko	Away	0
367	HOK2_1_SEK2_0_JRD	ACATAGCGGTTC	JRD1095	Hoko	Away	0
368	HOK1_5_HOK2_0_JRD	GCGTGGTCATTA	JRD1096	Hoko	Home	0
369	HOK1_4_SEK1_0_JRD	GATTCTTTAGAT	JRD1097	Hoko	Away	0
370	HOK1_3_HOK1_0_JRD	CGGATCTAGTGT	JRD1098	Hoko	Home	0
371	HOK1_2_SEK2_0_JRD	AAGTGGCTATCC	JRD1099	Hoko	Away	0
372	HOK1_3_SEK1_0_JRD	ACTAGTTGGACC	JRD1100	Hoko	Away	0
373	HOK1_3_SEK2_0_JRD	GGCTTCGGAGCG	JRD1101	Hoko	Away	0
374	HOK1_2_HOK2_0_JRD	CGCGTCAAACTA	JRD1102	Hoko	Home	0
375	HOK1_1_HOK1_0_JRD	CTTCCAACTCAT	JRD1103	Hoko	Home	0
376	HOK1_1_HOK2_0_JRD	GCCTAGCCCAAT	JRD1104	Hoko	Home	0
377	HOK1_2_SEK1_0_JRD	GTTAGGGAGCGA	JRD1105	Hoko	Away	0
378	HOK1_4_HOK2_0_JRD	TATACCGCTGCG	JRD1106	Hoko	Home	0
379	HOK2_2_SEK1_0_JRD	CTTACACTGCTT	JRD1107	Hoko	Away	0
380	HOK2_1_HOK1_0_JRD	CCTGCACCTGCA	JRD1108	Hoko	Home	0
381	HOK2_1_SEK1_0_JRD	AGGACAAACTAT	JRD1109	Hoko	Away	0
382	HOK2_4_HOK1_0_JRD	ATAACGGTGTAC	JRD1110	Hoko	Home	0
383	HOK1_4_HOK1_0_JRD	GTCGTTACCCGC	JRD1111	Hoko	Home	0
384	HOK1_4_SEK2_0_JRD	CGCAAGCCCGCG	JRD1112	Hoko	Away	0
385	HOK1_5_SEK1_0_JRD	CGGTCAATTGAC	JRD1113	Hoko	Away	0
386	HOK1_5_HOK1_0_JRD	ATGTTCCTCATC	JRD1114	Hoko	Home	0
387	HOK1_5_SEK2_0_JRD	CGACCTCGCATA	JRD1115	Hoko	Away	0
388	HOK1_3_HOK2_0_JRD	CATTCGTGGCGT	JRD1116	Hoko	Home	0
389	SEK1_WC_Streivex_0_JRD	AGTACGCAGTCT	JRD1117	Sekiu	SEK1_water	0
390	SEK1_WC_Streivex_5_JRD	CAGTGCACGTCT	JRD1118	Sekiu	SEK1_water	5
391	SEK2_WC_Streivex_5_JRD	ACTCACAGGAAT	JRD1119	Sekiu	SEK2_water	5
392	SEK1_WC_Streivex_20_JRD	TGGTGTTTATAT	JRD1120	Sekiu	SEK1_water	20
393	SEK1_WC_Streivex_10_JRD	TCTTCCTAAAGT	JRD1121	Sekiu	SEK1_water	10
394	HOK2_WC_Streivex_0_JRD	GCCCTTCCCGTG	JRD1122	Hoko	HOK2_water	0
395	HOK2_WC_Streivex_15_JRD	AGTATATGTTTC	JRD1123	Hoko	HOK2_water	15
396	HOK1_WC_Streivex_15_JRD	TCCATACCGGAA	JRD1124	Hoko	HOK1_water	15
397	HOK2_WC_Streivex_5_JRD	AGAGCGGAACAA	JRD1125	Hoko	HOK2_water	5
398	HOK2_WC_Streivex_20_JRD	TCCGCTGCTGAC	JRD1126	Hoko	HOK2_water	20
399	SEK1_WC_Streivex_15_JRD	TCCGTGGTATAG	JRD1127	Sekiu	SEK1_water	15
400	SEK2_WC_Streivex_0_JRD	AGCCTTCGTCGC	JRD1128	Sekiu	SEK2_water	0
401	HOK2_WC_Streivex_10_JRD	GTCAGAGTATTG	JRD1129	Hoko	HOK2_water	10
402	HOK1_WC_Streivex_5_JRD	GCGGTCGGTCAG	JRD1130	Hoko	HOK1_water	5
403	SEK2_WC_Streivex_15_JRD	TATCCTGGTTTC	JRD1131	Sekiu	SEK2_water	15
404	SEK2_WC_Streivex_10_JRD	CTGGTGCTGAAT	JRD1132	Sekiu	SEK2_water	10
405	SEK1_3_HOK1_10_JRD	GTTGAAGCACCT	JRD1133	Sekiu	Away	10
406	SEK1_3_HOK2_10_JRD	GTGCGGTTCACT	JRD1134	Sekiu	Away	10
407	SEK2_1_SEK1_20_JRD	CTTGTGCGACAA	JRD1135	Sekiu	Home	20
408	SEK2_1_SEK2_20_JRD	CACAGTTGAAGT	JRD1136	Sekiu	Home	20
409	SEK2_WC_Streivex_20_JRD	GGCTCGTCGGAG	JRD1137	Sekiu	SEK2_water	20
410	HOK1_WC_Streivex_20_JRD	ACATGGGCGGAA	JRD1138	Hoko	HOK1_water	20
411	HOK1_WC_Streivex_0_JRD	TGCGCGCCTTCC	JRD1139	Hoko	HOK1_water	0
412	HOK1_WC_Streivex_10_JRD	GTTGGTTGGCAT	JRD1140	Hoko	HOK1_water	10