ARGONNE_SAMPLE_NAME,LONGER_SAMPLE_NAME,BARCODE_SEQUENCE,SHORT_SAMPLE_NAME,ORIGIN_RIVER,ORIGIN_SITE,TREE_NUMBER,DEPLOYMENT_SITE,DECOMP_DAY,HFA_2,TERR_AQUA,LOCATION_CODE,HFA_CODE,LOCATION_CODEwDay0,Deployed_River,DEPLOYMENT_SITE_TEST,Deployed_River_test,Argonne_Run
1,SEK2_5_HOK2_0_JRD,AGCCTTCGTCGC,JRD1,Sekiu,SEK2,SEK2-5,HOK2,0,NoDeployment,HostTerrestrial,0U,AWAY,Fresh,NoDeployment,Fresh,Hoko River,1
2,SEK2_5_HOK1_0_JRD,TCCATACCGGAA,JRD2,Sekiu,SEK2,SEK2-5,HOK1,0,NoDeployment,HostTerrestrial,0D,AWAY,Fresh,NoDeployment,Fresh,Hoko River,1
3,SEK2_5_SEK1_0_JRD,AGCCCTGCTACA,JRD3,Sekiu,SEK2,SEK2-5,SEK1,0,NoDeployment,HostTerrestrial,2,HOME,Fresh,NoDeployment,Fresh,Sekiu River,1
4,SEK2_3_HOK1_0_JRD,CCTAACGGTCCA,16S_JRD4,Sekiu,SEK2,SEK2-3,HOK1,0,NoDeployment,HostTerrestrial,0D,AWAY,Fresh,NoDeployment,Fresh,Hoko River,2
5,SEK2_3_HOK2_0_JRD,CGCGCCTTAAAC,JRD5,Sekiu,SEK2,SEK2-3,HOK2,0,NoDeployment,HostTerrestrial,0U,AWAY,Fresh,NoDeployment,Fresh,Hoko River,1
6,SEK2_2_HOK2_0_JRD,TATGGTACCCAG,JRD6,Sekiu,SEK2,SEK2-2,HOK2,0,NoDeployment,HostTerrestrial,0U,AWAY,Fresh,NoDeployment,Fresh,Hoko River,1
7,SEK2_2_HOK1_0_JRD,TACAATATCTGT,JRD7,Sekiu,SEK2,SEK2-2,HOK1,0,NoDeployment,HostTerrestrial,0D,AWAY,Fresh,NoDeployment,Fresh,Hoko River,1
8,SEK2_2_SEK2_0_JRD,AATTTAGGTAGG,16S_JRD8,Sekiu,SEK2,SEK2-2,SEK2,0,NoDeployment,HostTerrestrial,3,HOME,Fresh,NoDeployment,Fresh,Sekiu River,2
9,SEK2_2_SEK1_0_JRD,GACTCAACCAGT,16S_JRD9,Sekiu,SEK2,SEK2-2,SEK1,0,NoDeployment,HostTerrestrial,2,HOME,Fresh,NoDeployment,Fresh,Sekiu River,2
10,SEK2_1_HOK2_0_JRD,GCCTCTACGTCG,16S_JRD10,Sekiu,SEK2,SEK2-1,HOK2,0,NoDeployment,HostTerrestrial,0U,AWAY,Fresh,NoDeployment,Fresh,Hoko River,2
11,SEK2_1_HOK1_0_JRD,ACTACTGAGGAT,16S_JRD11,Sekiu,SEK2,SEK2-1,HOK1,0,NoDeployment,HostTerrestrial,0D,AWAY,Fresh,NoDeployment,Fresh,Hoko River,2
12,SEK2_3_SEK2_0_JRD,AATTCACCTCCT,16S_JRD12,Sekiu,SEK2,SEK2-3,SEK2,0,NoDeployment,HostTerrestrial,3,HOME,Fresh,NoDeployment,Fresh,Sekiu River,2
13,SEK2_5_SEK2_0_JRD,CGTATAAATGCG,16S_JRD13,Sekiu,SEK2,SEK2-5,SEK2,0,NoDeployment,HostTerrestrial,3,HOME,Fresh,NoDeployment,Fresh,Sekiu River,2
14,SEK2_1_SEK1_0_JRD,ATGCTGCAACAC,JRD14,Sekiu,SEK2,SEK2-1,SEK1,0,NoDeployment,HostTerrestrial,2,HOME,Fresh,NoDeployment,Fresh,Sekiu River,1
15,SEK2_1_SEK2_0_JRD,ACTCGCTCGCTG,16S_JRD15,Sekiu,SEK2,SEK2-1,SEK2,0,NoDeployment,HostTerrestrial,3,HOME,Fresh,NoDeployment,Fresh,Sekiu River,2
16,SEK2_4_SEK1_0_JRD,TTCCTTAGTAGT,JRD16,Sekiu,SEK2,SEK2-4,SEK1,0,NoDeployment,HostTerrestrial,2,HOME,Fresh,NoDeployment,Fresh,Sekiu River,1
17,SEK2_3_SEK1_0_JRD,CGTCCGTATGAA,JRD17,Sekiu,SEK2,SEK2-3,SEK1,0,NoDeployment,HostTerrestrial,2,HOME,Fresh,NoDeployment,Fresh,Sekiu River,1
18,SEK2_4_SEK2_0_JRD,ACGTGAGGAACG,JRD18,Sekiu,SEK2,SEK2-4,SEK2,0,NoDeployment,HostTerrestrial,3,HOME,Fresh,NoDeployment,Fresh,Sekiu River,1
19,SEK2_4_HOK1_0_JRD,GGTTGCCCTGTA,JRD19,Sekiu,SEK2,SEK2-4,HOK1,0,NoDeployment,HostTerrestrial,0D,AWAY,Fresh,NoDeployment,Fresh,Hoko River,1
20,SEK2_4_HOK2_0_JRD,CATATAGCCCGA,JRD20,Sekiu,SEK2,SEK2-4,HOK2,0,NoDeployment,HostTerrestrial,0U,AWAY,Fresh,NoDeployment,Fresh,Hoko River,1
21,SEK1_5_HOK2_5_JRD,GCCTATGAGATC,JRD21,Sekiu,SEK1,SEK1-5,HOK2,5,Away,HostAquatic,0U,AWAY,0U,Hoko,HOK2,Hoko River,1
22,SEK1_4_HOK2_5_JRD,CAAGTGAAGGGA,JRD22,Sekiu,SEK1,SEK1-4,HOK2,5,Away,HostAquatic,0U,AWAY,0U,Hoko,HOK2,Hoko River,1
23,SEK1_5_SEK2_5_JRD,CACGTTTATTCC,JRD23,Sekiu,SEK1,SEK1-5,SEK2,5,Home,HostAquatic,1,AWAY,1,Sekiu,SEK2,Sekiu River,1
24,SEK1_4_HOK1_5_JRD,TAATCGGTGCCA,16S_JRD24,Sekiu,SEK1,SEK1-4,HOK1,5,Away,HostAquatic,0D,AWAY,0D,Hoko,HOK1,Hoko River,2
25,HOK1_5_HOK2_10_JRD,TGACTAATGGCC,JRD25,Hoko,HOK1,HOK1-5,HOK2,10,Home,HostAquatic,1,AWAY,1,Hoko,HOK2,Hoko River,1
26,HOK1_5_HOK1_10_JRD,CGGGACACCCGA,JRD26,Hoko,HOK1,HOK1-5,HOK1,10,Home,HostAquatic,3,HOME,3,Hoko,HOK1,Hoko River,1
27,HOK1_5_SEK2_10_JRD,CTGTCTATACTA,JRD27,Hoko,HOK1,HOK1-5,SEK2,10,Away,HostAquatic,0U,AWAY,0U,Sekiu,SEK2,Sekiu River,1
28,HOK1_3_SEK2_10_JRD,TATGCCAGAGAT,JRD28,Hoko,HOK1,HOK1-3,SEK2,10,Away,HostAquatic,0U,AWAY,0U,Sekiu,SEK2,Sekiu River,1
29,HOK1_3_SEK1_10_JRD,CGTTTGGAATGA,JRD29,Hoko,HOK1,HOK1-3,SEK1,10,Away,HostAquatic,0D,AWAY,0D,Sekiu,SEK1,Sekiu River,1
30,HOK1_3_HOK2_10_JRD,AAGAACTCATGA,JRD30,Hoko,HOK1,HOK1-3,HOK2,10,Home,HostAquatic,1,AWAY,1,Hoko,HOK2,Hoko River,1
31,HOK1_4_SEK2_10_JRD,TGATATCGTCTT,JRD31,Hoko,HOK1,HOK1-4,SEK2,10,Away,HostAquatic,0U,AWAY,0U,Sekiu,SEK2,Sekiu River,1
32,HOK1_4_HOK2_10_JRD,CGGTGACCTACT,JRD32,Hoko,HOK1,HOK1-4,HOK2,10,Home,HostAquatic,1,AWAY,1,Hoko,HOK2,Hoko River,1
33,HOK1_4_HOK1_10_JRD,AATGCGCGTATA,JRD33,Hoko,HOK1,HOK1-4,HOK1,10,Home,HostAquatic,3,HOME,3,Hoko,HOK1,Hoko River,1
34,HOK1_4_SEK1_10_JRD,CTTGATTCTTGA,JRD34,Hoko,HOK1,HOK1-4,SEK1,10,Away,HostAquatic,0D,AWAY,0D,Sekiu,SEK1,Sekiu River,1
35,HOK1_5_SEK1_10_JRD,GAAATCTTGAAG,JRD35,Hoko,HOK1,HOK1-5,SEK1,10,Away,HostAquatic,0D,AWAY,0D,Sekiu,SEK1,Sekiu River,1
36,HOK1_1_HOK2_10_JRD,GAGATACAGTTC,16S_JRD36,Hoko,HOK1,HOK1-1,HOK2,10,Home,HostAquatic,1,AWAY,1,Hoko,HOK2,Hoko River,2
37,HOK1_1_HOK1_10_JRD,GTGGAGTCTCAT,JRD37,Hoko,HOK1,HOK1-1,HOK1,10,Home,HostAquatic,3,HOME,3,Hoko,HOK1,Hoko River,1
38,HOK1_1_SEK2_10_JRD,ACCTTACACCTT,JRD38,Hoko,HOK1,HOK1-1,SEK2,10,Away,HostAquatic,0U,AWAY,0U,Sekiu,SEK2,Sekiu River,1
39,HOK1_3_HOK1_10_JRD,TAATCTCGCCGG,JRD39,Hoko,HOK1,HOK1-3,HOK1,10,Home,HostAquatic,3,HOME,3,Hoko,HOK1,Hoko River,1
40,HOK1_2_SEK1_10_JRD,ATCTAGTGGCAA,JRD40,Hoko,HOK1,HOK1-2,SEK1,10,Away,HostAquatic,0D,AWAY,0D,Sekiu,SEK1,Sekiu River,1
41,HOK1_2_SEK2_10_JRD,ACGCTTAACGAC,JRD41,Hoko,HOK1,HOK1-2,SEK2,10,Away,HostAquatic,0U,AWAY,0U,Sekiu,SEK2,Sekiu River,1
42,HOK1_2_HOK1_10_JRD,TACGGATTATGG,JRD42,Hoko,HOK1,HOK1-2,HOK1,10,Home,HostAquatic,3,HOME,3,Hoko,HOK1,Hoko River,1
43,HOK1_1_SEK1_10_JRD,ATACATGCAAGA,JRD43,Hoko,HOK1,HOK1-1,SEK1,10,Away,HostAquatic,0D,AWAY,0D,Sekiu,SEK1,Sekiu River,1
44,HOK1_2_HOK2_10_JRD,CTTAGTGCAGAA,JRD44,Hoko,HOK1,HOK1-2,HOK2,10,Home,HostAquatic,1,AWAY,1,Hoko,HOK2,Hoko River,1
45,SEK1_4_SEK2_5_JRD,AATCTTGCGCCG,JRD45,Sekiu,SEK1,SEK1-4,SEK2,5,Home,HostAquatic,1,AWAY,1,Sekiu,SEK2,Sekiu River,1
46,SEK1_4_SEK1_5_JRD,AGGATCAGGGAA,16S_JRD46,Sekiu,SEK1,SEK1-4,SEK1,5,Home,HostAquatic,3,HOME,3,Sekiu,SEK1,Sekiu River,2
47,SEK1_5_SEK1_5_JRD,AATAACTAGGGT,JRD47,Sekiu,SEK1,SEK1-5,SEK1,5,Home,HostAquatic,3,HOME,3,Sekiu,SEK1,Sekiu River,1
48,SEK1_3_SEK2_5_JRD,TATTGCAGCAGC,16S_JRD48,Sekiu,SEK1,SEK1-3,SEK2,5,Home,HostAquatic,1,AWAY,1,Sekiu,SEK2,Sekiu River,2
49,SEK1_1_SEK2_5_JRD,TGATGTGCTAAG,JRD49,Sekiu,SEK1,SEK1-1,SEK2,5,Home,HostAquatic,1,AWAY,1,Sekiu,SEK2,Sekiu River,1
50,SEK1_1_HOK1_5_JRD,GTAGTAGACCAT,JRD50,Sekiu,SEK1,SEK1-1,HOK1,5,Away,HostAquatic,0D,AWAY,0D,Hoko,HOK1,Hoko River,1
51,SEK1_1_HOK2_5_JRD,AGTAAAGATCGT,JRD51,Sekiu,SEK1,SEK1-1,HOK2,5,Away,HostAquatic,0U,AWAY,0U,Hoko,HOK2,Hoko River,1
52,SEK1_2_SEK2_5_JRD,CTCGCCCTCGCC,JRD52,Sekiu,SEK1,SEK1-2,SEK2,5,Home,HostAquatic,1,AWAY,1,Sekiu,SEK2,Sekiu River,1
53,SEK1_2_SEK1_5_JRD,TCTCTTTCGACA,JRD53,Sekiu,SEK1,SEK1-2,SEK1,5,Home,HostAquatic,3,HOME,3,Sekiu,SEK1,Sekiu River,1
54,SEK1_2_HOK1_5_JRD,ACATACTGAGCA,JRD54,Sekiu,SEK1,SEK1-2,HOK1,5,Away,HostAquatic,0D,AWAY,0D,Hoko,HOK1,Hoko River,1
55,SEK1_2_HOK2_5_JRD,GTTGATACGATG,JRD55,Sekiu,SEK1,SEK1-2,HOK2,5,Away,HostAquatic,0U,AWAY,0U,Hoko,HOK2,Hoko River,1
56,SEK1_3_HOK1_5_JRD,GTCAACGCTGTC,JRD56,Sekiu,SEK1,SEK1-3,HOK1,5,Away,HostAquatic,0D,AWAY,0D,Hoko,HOK1,Hoko River,1
57,SEK1_3_HOK2_5_JRD,TGAGACCCTACA,JRD57,Sekiu,SEK1,SEK1-3,HOK2,5,Away,HostAquatic,0U,AWAY,0U,Hoko,HOK2,Hoko River,1
58,SEK1_1_SEK1_5_JRD,ACTTGGTGTAAG,JRD58,Sekiu,SEK1,SEK1-1,SEK1,5,Home,HostAquatic,3,HOME,3,Sekiu,SEK1,Sekiu River,1
59,SEK1_3_SEK1_5_JRD,ATTACGTATCAT,JRD59,Sekiu,SEK1,SEK1-3,SEK1,5,Home,HostAquatic,3,HOME,3,Sekiu,SEK1,Sekiu River,1
60,SEK1_5_HOK1_5_JRD,CACGCAGTCTAC,JRD60,Sekiu,SEK1,SEK1-5,HOK1,5,Away,HostAquatic,0D,AWAY,0D,Hoko,HOK1,Hoko River,1
61,SEK2_5_HOK2_10_JRD,TGTGCACGCCAT,JRD61,Sekiu,SEK2,SEK2-5,HOK2,10,Away,HostAquatic,0U,AWAY,0U,Hoko,HOK2,Hoko River,1
62,SEK2_5_HOK1_10_JRD,CCGGACAAGAAG,JRD62,Sekiu,SEK2,SEK2-5,HOK1,10,Away,HostAquatic,0D,AWAY,0D,Hoko,HOK1,Hoko River,1
63,SEK2_5_SEK2_10_JRD,TTGCTGGACGCT,JRD63,Sekiu,SEK2,SEK2-5,SEK2,10,Home,HostAquatic,3,HOME,3,Sekiu,SEK2,Sekiu River,1
64,SEK2_5_SEK1_10_JRD,TACTAACGCGGT,JRD64,Sekiu,SEK2,SEK2-5,SEK1,10,Home,HostAquatic,2,HOME,2,Sekiu,SEK1,Sekiu River,1
65,SEK2_2_SEK1_10_JRD,GCGATCACACCT,JRD65,Sekiu,SEK2,SEK2-2,SEK1,10,Home,HostAquatic,2,HOME,2,Sekiu,SEK1,Sekiu River,1
66,SEK2_4_SEK2_10_JRD,CAAACGCACTAA,JRD66,Sekiu,SEK2,SEK2-4,SEK2,10,Home,HostAquatic,3,HOME,3,Sekiu,SEK2,Sekiu River,1
67,SEK2_1_HOK2_10_JRD,GAAGAGGGTTGA,JRD67,Sekiu,SEK2,SEK2-1,HOK2,10,Away,HostAquatic,0U,AWAY,0U,Hoko,HOK2,Hoko River,1
68,SEK2_1_HOK1_10_JRD,TGAGTGGTCTGT,JRD68,Sekiu,SEK2,SEK2-1,HOK1,10,Away,HostAquatic,0D,AWAY,0D,Hoko,HOK1,Hoko River,1
69,SEK2_1_SEK2_10_JRD,TTACACAAAGGC,JRD69,Sekiu,SEK2,SEK2-1,SEK2,10,Home,HostAquatic,3,HOME,3,Sekiu,SEK2,Sekiu River,1
70,SEK2_1_SEK1_10_JRD,ACGACGCATTTG,JRD70,Sekiu,SEK2,SEK2-1,SEK1,10,Home,HostAquatic,2,HOME,2,Sekiu,SEK1,Sekiu River,1
71,SEK2_4_SEK1_10_JRD,TATCCAAGCGCA,JRD71,Sekiu,SEK2,SEK2-4,SEK1,10,Home,HostAquatic,2,HOME,2,Sekiu,SEK1,Sekiu River,1
72,SEK2_2_HOK2_10_JRD,AGAGCCAAGAGC,JRD72,Sekiu,SEK2,SEK2-2,HOK2,10,Away,HostAquatic,0U,AWAY,0U,Hoko,HOK2,Hoko River,1
73,SEK2_2_HOK1_10_JRD,GGTGAGCAAGCA,JRD73,Sekiu,SEK2,SEK2-2,HOK1,10,Away,HostAquatic,0D,AWAY,0D,Hoko,HOK1,Hoko River,1
74,SEK2_2_SEK2_10_JRD,TAAATATACCCT,JRD74,Sekiu,SEK2,SEK2-2,SEK2,10,Home,HostAquatic,3,HOME,3,Sekiu,SEK2,Sekiu River,1
75,SEK2_4_HOK2_10_JRD,TTGCGGACCCTA,JRD75,Sekiu,SEK2,SEK2-4,HOK2,10,Away,HostAquatic,0U,AWAY,0U,Hoko,HOK2,Hoko River,1
76,SEK2_3_HOK2_10_JRD,GTCGTCCAAATG,JRD76,Sekiu,SEK2,SEK2-3,HOK2,10,Away,HostAquatic,0U,AWAY,0U,Hoko,HOK2,Hoko River,1
77,SEK2_3_HOK1_10_JRD,TGCACAGTCGCT,JRD77,Sekiu,SEK2,SEK2-3,HOK1,10,Away,HostAquatic,0D,AWAY,0D,Hoko,HOK1,Hoko River,1
78,SEK2_3_SEK2_10_JRD,TTACTGTGGCCG,JRD78,Sekiu,SEK2,SEK2-3,SEK2,10,Home,HostAquatic,3,HOME,3,Sekiu,SEK2,Sekiu River,1
79,SEK2_4_HOK1_10_JRD,GGTTCATGAACA,JRD79,Sekiu,SEK2,SEK2-4,HOK1,10,Away,HostAquatic,0D,AWAY,0D,Hoko,HOK1,Hoko River,1
80,SEK2_3_SEK1_10_JRD,TAACAATAATTC,JRD80,Sekiu,SEK2,SEK2-3,SEK1,10,Home,HostAquatic,2,HOME,2,Sekiu,SEK1,Sekiu River,1
81,SEK1_5_SEK1_0_JRD,CTTATTAAACGT,JRD81,Sekiu,SEK1,SEK1-5,SEK1,0,NoDeployment,HostTerrestrial,3,HOME,Fresh,NoDeployment,Fresh,Sekiu River,1
82,SEK1_5_SEK2_0_JRD,GCTCGAAGATTC,JRD82,Sekiu,SEK1,SEK1-5,SEK2,0,NoDeployment,HostTerrestrial,1,AWAY,Fresh,NoDeployment,Fresh,Sekiu River,1
83,SEK1_5_HOK1_0_JRD,TATTTGATTGGT,JRD83,Sekiu,SEK1,SEK1-5,HOK1,0,NoDeployment,HostTerrestrial,0D,AWAY,Fresh,NoDeployment,Fresh,Hoko River,1
84,SEK1_1_SEK2_0_JRD,TGTCAAAGTGAC,JRD84,Sekiu,SEK1,SEK1-1,SEK2,0,NoDeployment,HostTerrestrial,1,AWAY,Fresh,NoDeployment,Fresh,Sekiu River,1
85,SEK1_3_SEK2_0_JRD,CTATGTATTAGT,JRD85,Sekiu,SEK1,SEK1-3,SEK2,0,NoDeployment,HostTerrestrial,1,AWAY,Fresh,NoDeployment,Fresh,Sekiu River,1
86,SEK1_2_SEK1_0_JRD,ACTCCCGTGTGA,JRD86,Sekiu,SEK1,SEK1-2,SEK1,0,NoDeployment,HostTerrestrial,3,HOME,Fresh,NoDeployment,Fresh,Sekiu River,1
87,SEK1_3_HOK1_0_JRD,CGGTATAGCAAT,JRD87,Sekiu,SEK1,SEK1-3,HOK1,0,NoDeployment,HostTerrestrial,0D,AWAY,Fresh,NoDeployment,Fresh,Hoko River,1
88,SEK1_2_HOK2_0_JRD,GACTCTGCTCAG,JRD88,Sekiu,SEK1,SEK1-2,HOK2,0,NoDeployment,HostTerrestrial,0U,AWAY,Fresh,NoDeployment,Fresh,Hoko River,1
89,SEK1_3_SEK1_0_JRD,GTCATGCTCCAG,JRD89,Sekiu,SEK1,SEK1-3,SEK1,0,NoDeployment,HostTerrestrial,3,HOME,Fresh,NoDeployment,Fresh,Sekiu River,1
90,SEK1_4_SEK1_0_JRD,TACCGAAGGTAT,JRD90,Sekiu,SEK1,SEK1-4,SEK1,0,NoDeployment,HostTerrestrial,3,HOME,Fresh,NoDeployment,Fresh,Sekiu River,1
91,SEK1_3_HOK2_0_JRD,TGAGTATGAGTA,JRD91,Sekiu,SEK1,SEK1-3,HOK2,0,NoDeployment,HostTerrestrial,0U,AWAY,Fresh,NoDeployment,Fresh,Hoko River,1
92,SEK1_4_HOK2_0_JRD,AATGGTTCAGCA,JRD92,Sekiu,SEK1,SEK1-4,HOK2,0,NoDeployment,HostTerrestrial,0U,AWAY,Fresh,NoDeployment,Fresh,Hoko River,1
93,SEK1_5_HOK2_0_JRD,GAACCAGTACTC,JRD93,Sekiu,SEK1,SEK1-5,HOK2,0,NoDeployment,HostTerrestrial,0U,AWAY,Fresh,NoDeployment,Fresh,Hoko River,1
94,SEK1_4_HOK1_0_JRD,CGCACCCATACA,JRD94,Sekiu,SEK1,SEK1-4,HOK1,0,NoDeployment,HostTerrestrial,0D,AWAY,Fresh,NoDeployment,Fresh,Hoko River,1
95,SEK1_4_SEK2_0_JRD,GTGCCATAATCG,JRD95,Sekiu,SEK1,SEK1-4,SEK2,0,NoDeployment,HostTerrestrial,1,AWAY,Fresh,NoDeployment,Fresh,Sekiu River,1
96,SEK1_1_HOK1_0_JRD,ACTCTTACTTAG,JRD96,Sekiu,SEK1,SEK1-1,HOK1,0,NoDeployment,HostTerrestrial,0D,AWAY,Fresh,NoDeployment,Fresh,Hoko River,1
97,SEK1_1_SEK1_0_JRD,ATCAGGTAAACA,JRD97,Sekiu,SEK1,SEK1-1,SEK1,0,NoDeployment,HostTerrestrial,3,HOME,Fresh,NoDeployment,Fresh,Sekiu River,1
98,SEK1_2_HOK1_0_JRD,GGTTCGGTCCAT,16S_JRD98,Sekiu,SEK1,SEK1-2,HOK1,0,NoDeployment,HostTerrestrial,0D,AWAY,Fresh,NoDeployment,Fresh,Hoko River,2
99,SEK1_2_SEK2_0_JRD,TCTGCACTGAGC,JRD99,Sekiu,SEK1,SEK1-2,SEK2,0,NoDeployment,HostTerrestrial,1,AWAY,Fresh,NoDeployment,Fresh,Sekiu River,1
100,SEK1_1_HOK2_0_JRD,ACAAATCGTTGG,JRD100,Sekiu,SEK1,SEK1-1,HOK2,0,NoDeployment,HostTerrestrial,0U,AWAY,Fresh,NoDeployment,Fresh,Hoko River,1
101,SEK1_4_HOK2_10_JRD,TCAATCGCTTTC,JRD101,Sekiu,SEK1,SEK1-4,HOK2,10,Away,HostAquatic,0U,AWAY,0U,Hoko,HOK2,Hoko River,1
102,SEK1_4_HOK1_10_JRD,TACGACTCTGGC,JRD102,Sekiu,SEK1,SEK1-4,HOK1,10,Away,HostAquatic,0D,AWAY,0D,Hoko,HOK1,Hoko River,1
103,SEK1_4_SEK2_10_JRD,CTTGAACCCGAC,JRD103,Sekiu,SEK1,SEK1-4,SEK2,10,Home,HostAquatic,1,AWAY,1,Sekiu,SEK2,Sekiu River,1
104,SEK1_5_HOK2_10_JRD,GGCGGGTCTAGA,JRD104,Sekiu,SEK1,SEK1-5,HOK2,10,Away,HostAquatic,0U,AWAY,0U,Hoko,HOK2,Hoko River,1
105,SEK1_5_HOK1_10_JRD,GCAGATTTCCAG,16S_JRD105,Sekiu,SEK1,SEK1-5,HOK1,10,Away,HostAquatic,0D,AWAY,0D,Hoko,HOK1,Hoko River,2
106,SEK1_5_SEK2_10_JRD,CGACCCATACGT,JRD106,Sekiu,SEK1,SEK1-5,SEK2,10,Home,HostAquatic,1,AWAY,1,Sekiu,SEK2,Sekiu River,1
107,SEK1_5_SEK1_10_JRD,GAAAGGTGAGAA,16S_JRD107,Sekiu,SEK1,SEK1-5,SEK1,10,Home,HostAquatic,3,HOME,3,Sekiu,SEK1,Sekiu River,2
108,SEK1_3_SEK1_10_JRD,TGCAGATCCAAC,16S_JRD108,Sekiu,SEK1,SEK1-3,SEK1,10,Home,HostAquatic,3,HOME,3,Sekiu,SEK1,Sekiu River,2
109,SEK1_1_SEK1_10_JRD,ACCTTGACAAGA,16S_JRD109,Sekiu,SEK1,SEK1-1,SEK1,10,Home,HostAquatic,3,HOME,3,Sekiu,SEK1,Sekiu River,2
110,SEK1_2_HOK2_10_JRD,TTCCATCATGTC,JRD110,Sekiu,SEK1,SEK1-2,HOK2,10,Away,HostAquatic,0U,AWAY,0U,Hoko,HOK2,Hoko River,1
111,SEK1_1_SEK2_10_JRD,ACTCCACGCTCG,JRD111,Sekiu,SEK1,SEK1-1,SEK2,10,Home,HostAquatic,1,AWAY,1,Sekiu,SEK2,Sekiu River,1
112,SEK1_1_HOK1_10_JRD,GGTTACGGTTAC,JRD112,Sekiu,SEK1,SEK1-1,HOK1,10,Away,HostAquatic,0D,AWAY,0D,Hoko,HOK1,Hoko River,1
113,SEK1_1_HOK2_10_JRD,ATTGCGCTACCG,JRD113,Sekiu,SEK1,SEK1-1,HOK2,10,Away,HostAquatic,0U,AWAY,0U,Hoko,HOK2,Hoko River,1
114,SEK1_2_HOK1_10_JRD,AGGACCTCGTTC,JRD114,Sekiu,SEK1,SEK1-2,HOK1,10,Away,HostAquatic,0D,AWAY,0D,Hoko,HOK1,Hoko River,1
115,SEK1_2_SEK2_10_JRD,CTCGCTAGATAG,JRD115,Sekiu,SEK1,SEK1-2,SEK2,10,Home,HostAquatic,1,AWAY,1,Sekiu,SEK2,Sekiu River,1
116,SEK1_2_SEK1_10_JRD,CCGTCGCTCGTA,JRD116,Sekiu,SEK1,SEK1-2,SEK1,10,Home,HostAquatic,3,HOME,3,Sekiu,SEK1,Sekiu River,1
117,SEK1_4_SEK1_10_JRD,GAATCAAATCGA,JRD117,Sekiu,SEK1,SEK1-4,SEK1,10,Home,HostAquatic,3,HOME,3,Sekiu,SEK1,Sekiu River,1
118,SEK1_3_SEK2_10_JRD,CGTCGTCTAAGA,JRD118,Sekiu,SEK1,SEK1-3,SEK2,10,Home,HostAquatic,1,AWAY,1,Sekiu,SEK2,Sekiu River,1
119,HOK2_5_HOK2_10_JRD,TCGAAACATGCA,JRD119,Hoko,HOK2,HOK2-5,HOK2,10,Home,HostAquatic,3,HOME,3,Hoko,HOK2,Hoko River,1
120,HOK2_5_SEK2_10_JRD,CTGTCAGTGACC,JRD120,Hoko,HOK2,HOK2-5,SEK2,10,Away,HostAquatic,0U,AWAY,0U,Sekiu,SEK2,Sekiu River,1
121,HOK2_4_HOK2_10_JRD,GCTACCTTGCGC,JRD121,Hoko,HOK2,HOK2-4,HOK2,10,Home,HostAquatic,3,HOME,3,Hoko,HOK2,Hoko River,1
122,HOK2_1_SEK1_10_JRD,TTACAGGAGTAA,JRD122,Hoko,HOK2,HOK2-1,SEK1,10,Away,HostAquatic,0D,AWAY,0D,Sekiu,SEK1,Sekiu River,1
123,HOK2_1_HOK2_10_JRD,AAGGTCAATCGT,JRD123,Hoko,HOK2,HOK2-1,HOK2,10,Home,HostAquatic,3,HOME,3,Hoko,HOK2,Hoko River,1
124,HOK2_1_HOK1_10_JRD,ATATGGAAACTG,JRD124,Hoko,HOK2,HOK2-1,HOK1,10,Home,HostAquatic,2,HOME,2,Hoko,HOK1,Hoko River,1
125,HOK2_1_SEK2_10_JRD,GATCTGCGATCC,JRD125,Hoko,HOK2,HOK2-1,SEK2,10,Away,HostAquatic,0U,AWAY,0U,Sekiu,SEK2,Sekiu River,1
126,HOK2_4_SEK2_10_JRD,CGGATAACCTCC,JRD126,Hoko,HOK2,HOK2-4,SEK2,10,Away,HostAquatic,0U,AWAY,0U,Sekiu,SEK2,Sekiu River,1
127,HOK2_4_HOK1_10_JRD,GTATGTTTGTTC,JRD127,Hoko,HOK2,HOK2-4,HOK1,10,Home,HostAquatic,2,HOME,2,Hoko,HOK1,Hoko River,1
128,HOK2_4_SEK1_10_JRD,TAGAGCTGCCAT,JRD128,Hoko,HOK2,HOK2-4,SEK1,10,Away,HostAquatic,0D,AWAY,0D,Sekiu,SEK1,Sekiu River,1
129,HOK2_3_HOK2_10_JRD,ATTAAGCCTGGA,JRD129,Hoko,HOK2,HOK2-3,HOK2,10,Home,HostAquatic,3,HOME,3,Hoko,HOK2,Hoko River,1
130,HOK2_2_HOK2_10_JRD,CTAATTCTCTGC,JRD130,Hoko,HOK2,HOK2-2,HOK2,10,Home,HostAquatic,3,HOME,3,Hoko,HOK2,Hoko River,1
131,HOK2_3_SEK1_10_JRD,CGTGTAGTAGAT,JRD131,Hoko,HOK2,HOK2-3,SEK1,10,Away,HostAquatic,0D,AWAY,0D,Sekiu,SEK1,Sekiu River,1
132,HOK2_3_HOK1_10_JRD,ATGAGGGTCGCG,JRD132,Hoko,HOK2,HOK2-3,HOK1,10,Home,HostAquatic,2,HOME,2,Hoko,HOK1,Hoko River,1
133,HOK2_3_SEK2_10_JRD,CCATCTTACCAT,16S_JRD133,Hoko,HOK2,HOK2-3,SEK2,10,Away,HostAquatic,0U,AWAY,0U,Sekiu,SEK2,Sekiu River,2
134,HOK2_2_HOK1_10_JRD,TATTCGTATTCG,JRD134,Hoko,HOK2,HOK2-2,HOK1,10,Home,HostAquatic,2,HOME,2,Hoko,HOK1,Hoko River,1
135,HOK2_2_SEK1_10_JRD,TTAAACCGCGCC,JRD135,Hoko,HOK2,HOK2-2,SEK1,10,Away,HostAquatic,0D,AWAY,0D,Sekiu,SEK1,Sekiu River,1
136,HOK2_2_SEK2_10_JRD,CGGCGCATTATA,JRD136,Hoko,HOK2,HOK2-2,SEK2,10,Away,HostAquatic,0U,AWAY,0U,Sekiu,SEK2,Sekiu River,1
137,HOK2_1_SEK1_15_JRD,ACCAGCTCAGAT,JRD137,Hoko,HOK2,HOK2-1,SEK1,15,Away,HostAquatic,0D,AWAY,0D,Sekiu,SEK1,Sekiu River,1
138,HOK2_1_SEK2_15_JRD,GTTATCGCATGG,JRD138,Hoko,HOK2,HOK2-1,SEK2,15,Away,HostAquatic,0U,AWAY,0U,Sekiu,SEK2,Sekiu River,1
139,HOK2_2_SEK1_15_JRD,TCTGAGGTTGCC,JRD139,Hoko,HOK2,HOK2-2,SEK1,15,Away,HostAquatic,0D,AWAY,0D,Sekiu,SEK1,Sekiu River,1
140,HOK2_1_HOK1_15_JRD,TCGAAGACGTAT,JRD140,Hoko,HOK2,HOK2-1,HOK1,15,Home,HostAquatic,2,HOME,2,Hoko,HOK1,Hoko River,1
141,HOK2_1_HOK2_15_JRD,CGATGGCGCGAC,JRD141,Hoko,HOK2,HOK2-1,HOK2,15,Home,HostAquatic,3,HOME,3,Hoko,HOK2,Hoko River,1
142,HOK2_2_HOK2_15_JRD,GTGCTAATAGGT,JRD142,Hoko,HOK2,HOK2-2,HOK2,15,Home,HostAquatic,3,HOME,3,Hoko,HOK2,Hoko River,1
143,HOK2_2_HOK1_15_JRD,CGCGCTGGCCCG,JRD143,Hoko,HOK2,HOK2-2,HOK1,15,Home,HostAquatic,2,HOME,2,Hoko,HOK1,Hoko River,1
144,HOK2_4_HOK1_15_JRD,TTCGAAACTTTC,16S_JRD144,Hoko,HOK2,HOK2-4,HOK1,15,Home,HostAquatic,2,HOME,2,Hoko,HOK1,Hoko River,2
145,HOK2_5_HOK2_15_JRD,AGGCGGCCCATG,JRD145,Hoko,HOK2,HOK2-5,HOK2,15,Home,HostAquatic,3,HOME,3,Hoko,HOK2,Hoko River,1
146,HOK2_3_SEK1_15_JRD,CAGTCAGGCCTT,JRD146,Hoko,HOK2,HOK2-3,SEK1,15,Away,HostAquatic,0D,AWAY,0D,Sekiu,SEK1,Sekiu River,1
147,HOK2_2_SEK2_15_JRD,GTGCGCCTTCTG,JRD147,Hoko,HOK2,HOK2-2,SEK2,15,Away,HostAquatic,0U,AWAY,0U,Sekiu,SEK2,Sekiu River,1
148,HOK2_5_SEK2_15_JRD,CGCTGCTTCGGT,JRD148,Hoko,HOK2,HOK2-5,SEK2,15,Away,HostAquatic,0U,AWAY,0U,Sekiu,SEK2,Sekiu River,1
149,HOK2_3_HOK1_15_JRD,CATGCCAACATG,JRD149,Hoko,HOK2,HOK2-3,HOK1,15,Home,HostAquatic,2,HOME,2,Hoko,HOK1,Hoko River,1
150,HOK2_3_HOK2_15_JRD,AGCGAGAAGTGA,JRD150,Hoko,HOK2,HOK2-3,HOK2,15,Home,HostAquatic,3,HOME,3,Hoko,HOK2,Hoko River,1
151,HOK2_4_SEK2_15_JRD,TTCACTGTGCGG,JRD151,Hoko,HOK2,HOK2-4,SEK2,15,Away,HostAquatic,0U,AWAY,0U,Sekiu,SEK2,Sekiu River,1
152,HOK2_3_SEK2_15_JRD,CATCAGTACGCC,JRD152,Hoko,HOK2,HOK2-3,SEK2,15,Away,HostAquatic,0U,AWAY,0U,Sekiu,SEK2,Sekiu River,1
153,HOK2_4_HOK2_15_JRD,GTGATCGAGGGC,JRD153,Hoko,HOK2,HOK2-4,HOK2,15,Home,HostAquatic,3,HOME,3,Hoko,HOK2,Hoko River,1
154,HOK2_4_SEK1_15_JRD,TCATCGATTTAA,JRD154,Hoko,HOK2,HOK2-4,SEK1,15,Away,HostAquatic,0D,AWAY,0D,Sekiu,SEK1,Sekiu River,1
155,HOK1_1_SEK1_20_JRD,GAGGTTCTTGAC,JRD155,Hoko,HOK1,HOK1-1,SEK1,20,Away,HostAquatic,0D,AWAY,0D,Sekiu,SEK1,Sekiu River,1
156,HOK1_1_SEK2_20_JRD,TCGTCAAACCCG,JRD156,Hoko,HOK1,HOK1-1,SEK2,20,Away,HostAquatic,0U,AWAY,0U,Sekiu,SEK2,Sekiu River,1
157,HOK1_2_SEK1_20_JRD,TTGTAGCCGACA,JRD157,Hoko,HOK1,HOK1-2,SEK1,20,Away,HostAquatic,0D,AWAY,0D,Sekiu,SEK1,Sekiu River,1
158,HOK1_4_SEK1_20_JRD,ACGAAAGAGCAG,JRD158,Hoko,HOK1,HOK1-4,SEK1,20,Away,HostAquatic,0D,AWAY,0D,Sekiu,SEK1,Sekiu River,1
159,HOK1_1_HOK1_20_JRD,TGTGGAAACTCC,JRD159,Hoko,HOK1,HOK1-1,HOK1,20,Home,HostAquatic,3,HOME,3,Hoko,HOK1,Hoko River,1
160,HOK1_3_SEK2_20_JRD,CGTAGTACCACA,JRD160,Hoko,HOK1,HOK1-3,SEK2,20,Away,HostAquatic,0U,AWAY,0U,Sekiu,SEK2,Sekiu River,1
161,HOK1_2_HOK2_20_JRD,CTATAACACATT,JRD161,Hoko,HOK1,HOK1-2,HOK2,20,Home,HostAquatic,1,AWAY,1,Hoko,HOK2,Hoko River,1
162,HOK1_2_HOK1_20_JRD,ACAGGAGGGTGT,JRD162,Hoko,HOK1,HOK1-2,HOK1,20,Home,HostAquatic,3,HOME,3,Hoko,HOK1,Hoko River,1
163,HOK1_4_SEK2_20_JRD,GCAACCGATTGT,JRD163,Hoko,HOK1,HOK1-4,SEK2,20,Away,HostAquatic,0U,AWAY,0U,Sekiu,SEK2,Sekiu River,1
164,HOK1_4_HOK1_20_JRD,TAATATTTCGAC,JRD164,Hoko,HOK1,HOK1-4,HOK1,20,Home,HostAquatic,3,HOME,3,Hoko,HOK1,Hoko River,1
165,HOK1_3_SEK1_20_JRD,CGGGCGAATTGG,JRD165,Hoko,HOK1,HOK1-3,SEK1,20,Away,HostAquatic,0D,AWAY,0D,Sekiu,SEK1,Sekiu River,1
166,HOK1_2_SEK2_20_JRD,GCGTCCATGAAT,JRD166,Hoko,HOK1,HOK1-2,SEK2,20,Away,HostAquatic,0U,AWAY,0U,Sekiu,SEK2,Sekiu River,1
167,HOK1_4_HOK2_20_JRD,AGTTGAGGCATT,JRD167,Hoko,HOK1,HOK1-4,HOK2,20,Home,HostAquatic,1,AWAY,1,Hoko,HOK2,Hoko River,1
168,HOK1_3_HOK1_20_JRD,TGTCGTCCCGCC,JRD168,Hoko,HOK1,HOK1-3,HOK1,20,Home,HostAquatic,3,HOME,3,Hoko,HOK1,Hoko River,1
169,HOK1_5_HOK2_20_JRD,CTCAAGTCAAAG,16S_JRD169,Hoko,HOK1,HOK1-5,HOK2,20,Home,HostAquatic,1,AWAY,1,Hoko,HOK2,Hoko River,2
170,HOK1_5_HOK1_20_JRD,CATAGGCCATCA,JRD170,Hoko,HOK1,HOK1-5,HOK1,20,Home,HostAquatic,3,HOME,3,Hoko,HOK1,Hoko River,1
171,HOK1_5_SEK2_20_JRD,ACGCCACTTGCC,JRD171,Hoko,HOK1,HOK1-5,SEK2,20,Away,HostAquatic,0U,AWAY,0U,Sekiu,SEK2,Sekiu River,1
172,HOK1_3_HOK2_20_JRD,AGCAGCTATTGC,JRD172,Hoko,HOK1,HOK1-3,HOK2,20,Home,HostAquatic,1,AWAY,1,Hoko,HOK2,Hoko River,1
173,HOK1_1_HOK2_20_JRD,CGCTTGTGTAGC,JRD173,Hoko,HOK1,HOK1-1,HOK2,20,Home,HostAquatic,1,AWAY,1,Hoko,HOK2,Hoko River,1
174,HOK1_5_SEK1_20_JRD,ACCACTTGCCAG,JRD174,Hoko,HOK1,HOK1-5,SEK1,20,Away,HostAquatic,0D,AWAY,0D,Sekiu,SEK1,Sekiu River,1
175,HOK1_5_SEK1_15_JRD,CGAAATGCATGT,JRD175,Hoko,HOK1,HOK1-5,SEK1,15,Away,HostAquatic,0D,AWAY,0D,Sekiu,SEK1,Sekiu River,1
176,HOK1_4_HOK2_15_JRD,GTGACGTTAGTC,JRD176,Hoko,HOK1,HOK1-4,HOK2,15,Home,HostAquatic,1,AWAY,1,Hoko,HOK2,Hoko River,1
177,HOK1_4_HOK1_15_JRD,TCCGTCATGGGT,JRD177,Hoko,HOK1,HOK1-4,HOK1,15,Home,HostAquatic,3,HOME,3,Hoko,HOK1,Hoko River,1
178,HOK1_5_HOK2_15_JRD,CAGGCTCAGAGG,JRD178,Hoko,HOK1,HOK1-5,HOK2,15,Home,HostAquatic,1,AWAY,1,Hoko,HOK2,Hoko River,1
179,HOK1_5_HOK1_15_JRD,CAAGCGTTGTCC,JRD179,Hoko,HOK1,HOK1-5,HOK1,15,Home,HostAquatic,3,HOME,3,Hoko,HOK1,Hoko River,1
180,HOK1_5_SEK2_15_JRD,GAGCAACATCCT,16S_JRD180,Hoko,HOK1,HOK1-5,SEK2,15,Away,HostAquatic,0U,AWAY,0U,Sekiu,SEK2,Sekiu River,2
181,HOK1_3_HOK2_15_JRD,AGTCGGCATCTC,16S_JRD181,Hoko,HOK1,HOK1-3,HOK2,15,Home,HostAquatic,1,AWAY,1,Hoko,HOK2,Hoko River,2
182,HOK1_3_SEK1_15_JRD,CGGGCCGACGAT,16S_JRD182,Hoko,HOK1,HOK1-3,SEK1,15,Away,HostAquatic,0D,AWAY,0D,Sekiu,SEK1,Sekiu River,2
183,HOK1_2_HOK1_15_JRD,AAGTCGACACAT,JRD183,Hoko,HOK1,HOK1-2,HOK1,15,Home,HostAquatic,3,HOME,3,Hoko,HOK1,Hoko River,1
184,HOK1_2_HOK2_15_JRD,ATGAACTATGAG,16S_JRD184,Hoko,HOK1,HOK1-2,HOK2,15,Home,HostAquatic,1,AWAY,1,Hoko,HOK2,Hoko River,2
185,HOK1_3_SEK2_15_JRD,GTGTTAGATGTG,JRD185,Hoko,HOK1,HOK1-3,SEK2,15,Away,HostAquatic,0U,AWAY,0U,Sekiu,SEK2,Sekiu River,1
186,HOK1_4_SEK2_15_JRD,ATGGCAATTCAG,JRD186,Hoko,HOK1,HOK1-4,SEK2,15,Away,HostAquatic,0U,AWAY,0U,Sekiu,SEK2,Sekiu River,1
187,HOK1_4_SEK1_15_JRD,GTACACTGATAG,JRD187,Hoko,HOK1,HOK1-4,SEK1,15,Away,HostAquatic,0D,AWAY,0D,Sekiu,SEK1,Sekiu River,1
188,HOK1_3_HOK1_15_JRD,TCCGCGCAAGTT,JRD188,Hoko,HOK1,HOK1-3,HOK1,15,Home,HostAquatic,3,HOME,3,Hoko,HOK1,Hoko River,1
189,HOK1_2_SEK1_15_JRD,TAGGCCATGTAA,JRD189,Hoko,HOK1,HOK1-2,SEK1,15,Away,HostAquatic,0D,AWAY,0D,Sekiu,SEK1,Sekiu River,1
190,HOK1_2_SEK2_15_JRD,ATCATTGATTAC,JRD190,Hoko,HOK1,HOK1-2,SEK2,15,Away,HostAquatic,0U,AWAY,0U,Sekiu,SEK2,Sekiu River,1
191,HOK1_1_HOK2_15_JRD,GTACCAGGTACT,JRD191,Hoko,HOK1,HOK1-1,HOK2,15,Home,HostAquatic,1,AWAY,1,Hoko,HOK2,Hoko River,1
192,HOK1_1_SEK1_15_JRD,AGATCTATGCAG,16S_JRD192,Hoko,HOK1,HOK1-1,SEK1,15,Away,HostAquatic,0D,AWAY,0D,Sekiu,SEK1,Sekiu River,2
193,HOK1_1_SEK2_15_JRD,CCGCCGTAGGGC,16S_JRD193,Hoko,HOK1,HOK1-1,SEK2,15,Away,HostAquatic,0U,AWAY,0U,Sekiu,SEK2,Sekiu River,2
194,HOK1_1_HOK1_15_JRD,ACGCGTGCCCGG,16S_JRD194,Hoko,HOK1,HOK1-1,HOK1,15,Home,HostAquatic,3,HOME,3,Hoko,HOK1,Hoko River,2
195,SEK1_5_HOK1_15_JRD,CACTTAAGAGAA,16S_JRD195,Sekiu,SEK1,SEK1-5,HOK1,15,Away,HostAquatic,0D,AWAY,0D,Hoko,HOK1,Hoko River,2
196,SEK1_5_SEK1_15_JRD,CAGAAGGTGTGG,16S_JRD196,Sekiu,SEK1,SEK1-5,SEK1,15,Home,HostAquatic,3,HOME,3,Sekiu,SEK1,Sekiu River,2
197,SEK1_5_SEK2_15_JRD,GAGCCTCCCTCC,JRD197,Sekiu,SEK1,SEK1-5,SEK2,15,Home,HostAquatic,1,AWAY,1,Sekiu,SEK2,Sekiu River,1
198,SEK1_3_HOK2_15_JRD,ACTTTCTTCGAA,JRD198,Sekiu,SEK1,SEK1-3,HOK2,15,Away,HostAquatic,0U,AWAY,0U,Hoko,HOK2,Hoko River,1
199,SEK1_3_SEK2_15_JRD,CGCCGCCAGGTG,JRD199,Sekiu,SEK1,SEK1-3,SEK2,15,Home,HostAquatic,1,AWAY,1,Sekiu,SEK2,Sekiu River,1
200,SEK1_1_HOK2_15_JRD,CGACTGCAGCTT,JRD200,Sekiu,SEK1,SEK1-1,HOK2,15,Away,HostAquatic,0U,AWAY,0U,Hoko,HOK2,Hoko River,1
201,SEK1_3_HOK1_15_JRD,ACCGTCTTTCTC,16S_JRD201,Sekiu,SEK1,SEK1-3,HOK1,15,Away,HostAquatic,0D,AWAY,0D,Hoko,HOK1,Hoko River,2
202,SEK1_3_SEK1_15_JRD,ATTACTACACTC,JRD202,Sekiu,SEK1,SEK1-3,SEK1,15,Home,HostAquatic,3,HOME,3,Sekiu,SEK1,Sekiu River,1
203,SEK1_5_HOK2_15_JRD,ATTTAATCATCG,JRD203,Sekiu,SEK1,SEK1-5,HOK2,15,Away,HostAquatic,0U,AWAY,0U,Hoko,HOK2,Hoko River,1
204,SEK1_4_SEK1_15_JRD,TCGTGACGCTAA,16S_JRD204,Sekiu,SEK1,SEK1-4,SEK1,15,Home,HostAquatic,3,HOME,3,Sekiu,SEK1,Sekiu River,2
205,SEK1_4_HOK2_15_JRD,GTCCACTTGGAC,16S_JRD205,Sekiu,SEK1,SEK1-4,HOK2,15,Away,HostAquatic,0U,AWAY,0U,Hoko,HOK2,Hoko River,2
206,SEK1_2_HOK1_15_JRD,TCAAACTTTCGT,JRD206,Sekiu,SEK1,SEK1-2,HOK1,15,Away,HostAquatic,0D,AWAY,0D,Hoko,HOK1,Hoko River,1
207,SEK1_4_HOK1_15_JRD,AGGTACGCAATT,JRD207,Sekiu,SEK1,SEK1-4,HOK1,15,Away,HostAquatic,0D,AWAY,0D,Hoko,HOK1,Hoko River,1
208,SEK1_1_SEK2_15_JRD,CGTGGAAGACGA,JRD208,Sekiu,SEK1,SEK1-1,SEK2,15,Home,HostAquatic,1,AWAY,1,Sekiu,SEK2,Sekiu River,1
209,SEK1_4_SEK2_15_JRD,GAATAAGCTGAT,JRD209,Sekiu,SEK1,SEK1-4,SEK2,15,Home,HostAquatic,1,AWAY,1,Sekiu,SEK2,Sekiu River,1
210,SEK1_2_SEK1_15_JRD,AGAATAGCGCTT,JRD210,Sekiu,SEK1,SEK1-2,SEK1,15,Home,HostAquatic,3,HOME,3,Sekiu,SEK1,Sekiu River,1
211,SEK1_2_SEK2_15_JRD,AGGTCCAAATCA,JRD211,Sekiu,SEK1,SEK1-2,SEK2,15,Home,HostAquatic,1,AWAY,1,Sekiu,SEK2,Sekiu River,1
212,SEK1_1_HOK1_15_JRD,AACGAATACCAC,JRD212,Sekiu,SEK1,SEK1-1,HOK1,15,Away,HostAquatic,0D,AWAY,0D,Hoko,HOK1,Hoko River,1
213,SEK1_1_SEK1_15_JRD,CTCGACTGCCTG,JRD213,Sekiu,SEK1,SEK1-1,SEK1,15,Home,HostAquatic,3,HOME,3,Sekiu,SEK1,Sekiu River,1
214,SEK1_2_HOK2_15_JRD,AGAAACAGCTCT,JRD214,Sekiu,SEK1,SEK1-2,HOK2,15,Away,HostAquatic,0U,AWAY,0U,Hoko,HOK2,Hoko River,1
215,HOK1_5_HOK1_5_JRD,TGCGCAAAGGAG,JRD215,Hoko,HOK1,HOK1-5,HOK1,5,Home,HostAquatic,3,HOME,3,Hoko,HOK1,Hoko River,1
216,HOK1_5_HOK2_5_JRD,CCGAAGATTCTG,JRD216,Hoko,HOK1,HOK1-5,HOK2,5,Home,HostAquatic,1,AWAY,1,Hoko,HOK2,Hoko River,1
217,HOK1_5_SEK2_5_JRD,GCAGGCCCACGA,JRD217,Hoko,HOK1,HOK1-5,SEK2,5,Away,HostAquatic,0U,AWAY,0U,Sekiu,SEK2,Sekiu River,1
218,HOK1_3_HOK2_5_JRD,ATGAATGCGTCC,JRD218,Hoko,HOK1,HOK1-3,HOK2,5,Home,HostAquatic,1,AWAY,1,Hoko,HOK2,Hoko River,1
219,HOK1_5_SEK1_5_JRD,CGGTTCACATAG,JRD219,Hoko,HOK1,HOK1-5,SEK1,5,Away,HostAquatic,0D,AWAY,0D,Sekiu,SEK1,Sekiu River,1
220,HOK1_2_HOK2_5_JRD,CAGAGGCAGGCT,JRD220,Hoko,HOK1,HOK1-2,HOK2,5,Home,HostAquatic,1,AWAY,1,Hoko,HOK2,Hoko River,1
221,HOK1_4_HOK1_5_JRD,GAGGCTGATTTA,JRD221,Hoko,HOK1,HOK1-4,HOK1,5,Home,HostAquatic,3,HOME,3,Hoko,HOK1,Hoko River,1
222,HOK1_4_SEK2_5_JRD,TGAGCTGCGGGA,JRD222,Hoko,HOK1,HOK1-4,SEK2,5,Away,HostAquatic,0U,AWAY,0U,Sekiu,SEK2,Sekiu River,1
223,HOK1_4_SEK1_5_JRD,TAGTTGAGCTGA,JRD223,Hoko,HOK1,HOK1-4,SEK1,5,Away,HostAquatic,0D,AWAY,0D,Sekiu,SEK1,Sekiu River,1
224,HOK1_4_HOK2_5_JRD,CCATTAGTTCCT,JRD224,Hoko,HOK1,HOK1-4,HOK2,5,Home,HostAquatic,1,AWAY,1,Hoko,HOK2,Hoko River,1
225,HOK1_1_SEK1_5_JRD,TTGATAGTCTTA,JRD225,Hoko,HOK1,HOK1-1,SEK1,5,Away,HostAquatic,0D,AWAY,0D,Sekiu,SEK1,Sekiu River,1
226,HOK1_2_SEK1_5_JRD,CGCCCTCTTCTT,JRD226,Hoko,HOK1,HOK1-2,SEK1,5,Away,HostAquatic,0D,AWAY,0D,Sekiu,SEK1,Sekiu River,1
227,HOK1_1_HOK1_5_JRD,TCACCTCCTTGT,JRD227,Hoko,HOK1,HOK1-1,HOK1,5,Home,HostAquatic,3,HOME,3,Hoko,HOK1,Hoko River,1
228,HOK1_2_HOK1_5_JRD,CGGTGCGAAAGC,16S_JRD228,Hoko,HOK1,HOK1-2,HOK1,5,Home,HostAquatic,3,HOME,3,Hoko,HOK1,Hoko River,2
229,HOK1_1_HOK2_5_JRD,TAGCAAGGTATA,JRD229,Hoko,HOK1,HOK1-1,HOK2,5,Home,HostAquatic,1,AWAY,1,Hoko,HOK2,Hoko River,1
230,HOK1_2_SEK2_5_JRD,ATATTTCATGGT,JRD230,Hoko,HOK1,HOK1-2,SEK2,5,Away,HostAquatic,0U,AWAY,0U,Sekiu,SEK2,Sekiu River,1
231,HOK1_1_SEK2_5_JRD,GATTAATGGAAC,JRD231,Hoko,HOK1,HOK1-1,SEK2,5,Away,HostAquatic,0U,AWAY,0U,Sekiu,SEK2,Sekiu River,1
232,HOK1_3_SEK1_5_JRD,CCTACATGAGAC,JRD232,Hoko,HOK1,HOK1-3,SEK1,5,Away,HostAquatic,0D,AWAY,0D,Sekiu,SEK1,Sekiu River,1
233,HOK1_3_SEK2_5_JRD,ATCGGGCTTAAC,JRD233,Hoko,HOK1,HOK1-3,SEK2,5,Away,HostAquatic,0U,AWAY,0U,Sekiu,SEK2,Sekiu River,1
234,HOK1_3_HOK1_5_JRD,AGAGGTATTTGA,JRD234,Hoko,HOK1,HOK1-3,HOK1,5,Home,HostAquatic,3,HOME,3,Hoko,HOK1,Hoko River,1
235,SEK2_1_HOK1_15_JRD,CACCTGTAGTAG,JRD235,Sekiu,SEK2,SEK2-1,HOK1,15,Away,HostAquatic,0D,AWAY,0D,Hoko,HOK1,Hoko River,1
236,SEK2_1_SEK2_15_JRD,CGGACATGCGGA,JRD236,Sekiu,SEK2,SEK2-1,SEK2,15,Home,HostAquatic,3,HOME,3,Sekiu,SEK2,Sekiu River,1
237,SEK2_1_SEK1_15_JRD,AGTCCTTTATCC,JRD237,Sekiu,SEK2,SEK2-1,SEK1,15,Home,HostAquatic,2,HOME,2,Sekiu,SEK1,Sekiu River,1
238,SEK2_3_SEK1_15_JRD,GTAGCACTCATG,JRD238,Sekiu,SEK2,SEK2-3,SEK1,15,Home,HostAquatic,2,HOME,2,Sekiu,SEK1,Sekiu River,1
239,SEK2_3_SEK2_15_JRD,TTGAATCCTAAT,JRD239,Sekiu,SEK2,SEK2-3,SEK2,15,Home,HostAquatic,3,HOME,3,Sekiu,SEK2,Sekiu River,1
240,SEK2_2_SEK1_15_JRD,GACAAGAAGGTG,JRD240,Sekiu,SEK2,SEK2-2,SEK1,15,Home,HostAquatic,2,HOME,2,Sekiu,SEK1,Sekiu River,1
241,SEK2_1_HOK2_15_JRD,ACAGAGAATTAC,16S_JRD241,Sekiu,SEK2,SEK2-1,HOK2,15,Away,HostAquatic,0U,AWAY,0U,Hoko,HOK2,Hoko River,2
242,SEK2_4_SEK1_15_JRD,CGGGCACCGGTC,16S_JRD242,Sekiu,SEK2,SEK2-4,SEK1,15,Home,HostAquatic,2,HOME,2,Sekiu,SEK1,Sekiu River,2
243,SEK2_3_HOK2_15_JRD,GTGTACATAACG,16S_JRD243,Sekiu,SEK2,SEK2-3,HOK2,15,Away,HostAquatic,0U,AWAY,0U,Hoko,HOK2,Hoko River,2
244,SEK2_4_SEK2_15_JRD,TTCTTTGCAATG,16S_JRD244,Sekiu,SEK2,SEK2-4,SEK2,15,Home,HostAquatic,3,HOME,3,Sekiu,SEK2,Sekiu River,2
245,SEK2_4_HOK1_15_JRD,GACTTATGCCCG,16S_JRD245,Sekiu,SEK2,SEK2-4,HOK1,15,Away,HostAquatic,0D,AWAY,0D,Hoko,HOK1,Hoko River,2
246,SEK2_4_HOK2_15_JRD,GACTAGTCAGCT,16S_JRD246,Sekiu,SEK2,SEK2-4,HOK2,15,Away,HostAquatic,0U,AWAY,0U,Hoko,HOK2,Hoko River,2
247,SEK2_2_SEK2_15_JRD,CGTCTTTGATAT,16S_JRD247,Sekiu,SEK2,SEK2-2,SEK2,15,Home,HostAquatic,3,HOME,3,Sekiu,SEK2,Sekiu River,2
248,SEK2_3_HOK1_15_JRD,CAGTGATACTGC,16S_JRD248,Sekiu,SEK2,SEK2-3,HOK1,15,Away,HostAquatic,0D,AWAY,0D,Hoko,HOK1,Hoko River,2
249,SEK2_2_HOK1_15_JRD,ATAGATCAGAAC,16S_JRD249,Sekiu,SEK2,SEK2-2,HOK1,15,Away,HostAquatic,0D,AWAY,0D,Hoko,HOK1,Hoko River,2
250,SEK2_2_HOK2_15_JRD,AAGGACCGTTTC,16S_JRD250,Sekiu,SEK2,SEK2-2,HOK2,15,Away,HostAquatic,0U,AWAY,0U,Hoko,HOK2,Hoko River,2
251,SEK2_5_SEK1_15_JRD,GCGTCTCGTCCA,16S_JRD251,Sekiu,SEK2,SEK2-5,SEK1,15,Home,HostAquatic,2,HOME,2,Sekiu,SEK1,Sekiu River,2
252,SEK2_5_SEK2_15_JRD,CCGCTACGTGAT,16S_JRD252,Sekiu,SEK2,SEK2-5,SEK2,15,Home,HostAquatic,3,HOME,3,Sekiu,SEK2,Sekiu River,2
253,SEK2_5_HOK1_15_JRD,GTATAGTCCGTG,JRD253,Sekiu,SEK2,SEK2-5,HOK1,15,Away,HostAquatic,0D,AWAY,0D,Hoko,HOK1,Hoko River,1
254,HOK2_2_HOK2_5_JRD,CCTGTAGGTTGC,JRD254,Hoko,HOK2,HOK2-2,HOK2,5,Home,HostAquatic,3,HOME,3,Hoko,HOK2,Hoko River,1
255,HOK2_3_HOK1_5_JRD,TACGTCGTTATT,JRD255,Hoko,HOK2,HOK2-3,HOK1,5,Home,HostAquatic,2,HOME,2,Hoko,HOK1,Hoko River,1
256,HOK2_4_SEK1_5_JRD,GAGTAGGGCACC,JRD256,Hoko,HOK2,HOK2-4,SEK1,5,Away,HostAquatic,0D,AWAY,0D,Sekiu,SEK1,Sekiu River,1
257,HOK2_2_HOK1_5_JRD,CATTACTTATGC,JRD257,Hoko,HOK2,HOK2-2,HOK1,5,Home,HostAquatic,2,HOME,2,Hoko,HOK1,Hoko River,1
258,HOK2_5_HOK2_5_JRD,CACGTCGCGGAG,JRD258,Hoko,HOK2,HOK2-5,HOK2,5,Home,HostAquatic,3,HOME,3,Hoko,HOK2,Hoko River,1
259,HOK2_3_HOK2_5_JRD,CGTTACCGGACT,JRD259,Hoko,HOK2,HOK2-3,HOK2,5,Home,HostAquatic,3,HOME,3,Hoko,HOK2,Hoko River,1
260,SEK2_5_HOK2_15_JRD,GGACTCAACTAA,JRD260,Sekiu,SEK2,SEK2-5,HOK2,15,Away,HostAquatic,0U,AWAY,0U,Hoko,HOK2,Hoko River,1
261,HOK2_3_SEK2_5_JRD,CGTTAAGTCAGC,JRD261,Hoko,HOK2,HOK2-3,SEK2,5,Away,HostAquatic,0U,AWAY,0U,Sekiu,SEK2,Sekiu River,1
262,HOK2_3_SEK1_5_JRD,TTATAGATCTCC,JRD262,Hoko,HOK2,HOK2-3,SEK1,5,Away,HostAquatic,0D,AWAY,0D,Sekiu,SEK1,Sekiu River,1
263,HOK2_2_SEK2_5_JRD,GGTAGCGACGCC,JRD263,Hoko,HOK2,HOK2-2,SEK2,5,Away,HostAquatic,0U,AWAY,0U,Sekiu,SEK2,Sekiu River,1
264,HOK2_2_SEK1_5_JRD,CACGAGCTACTC,JRD264,Hoko,HOK2,HOK2-2,SEK1,5,Away,HostAquatic,0D,AWAY,0D,Sekiu,SEK1,Sekiu River,1
265,HOK2_1_HOK2_5_JRD,ATGAGATGATAC,JRD265,Hoko,HOK2,HOK2-1,HOK2,5,Home,HostAquatic,3,HOME,3,Hoko,HOK2,Hoko River,1
266,HOK2_5_SEK2_5_JRD,ATTAGCAGCGTA,JRD266,Hoko,HOK2,HOK2-5,SEK2,5,Away,HostAquatic,0U,AWAY,0U,Sekiu,SEK2,Sekiu River,1
267,HOK2_4_HOK2_5_JRD,CTGTCGTGTCAG,JRD267,Hoko,HOK2,HOK2-4,HOK2,5,Home,HostAquatic,3,HOME,3,Hoko,HOK2,Hoko River,1
268,HOK2_4_HOK1_5_JRD,TTCAAGTTCGTT,JRD268,Hoko,HOK2,HOK2-4,HOK1,5,Home,HostAquatic,2,HOME,2,Hoko,HOK1,Hoko River,1
269,HOK2_4_SEK2_5_JRD,TCTGGGCATTGA,JRD269,Hoko,HOK2,HOK2-4,SEK2,5,Away,HostAquatic,0U,AWAY,0U,Sekiu,SEK2,Sekiu River,1
270,SEK1_1_SEK1_20_JRD,GCGGTACTACTA,JRD270,Sekiu,SEK1,SEK1-1,SEK1,20,Home,HostAquatic,3,HOME,3,Sekiu,SEK1,Sekiu River,1
271,SEK1_1_HOK1_20_JRD,GTCCTGACACTG,JRD271,Sekiu,SEK1,SEK1-1,HOK1,20,Away,HostAquatic,0D,AWAY,0D,Hoko,HOK1,Hoko River,1
272,SEK1_1_SEK2_20_JRD,GATGACCCAAAT,JRD272,Sekiu,SEK1,SEK1-1,SEK2,20,Home,HostAquatic,1,AWAY,1,Sekiu,SEK2,Sekiu River,1
273,SEK1_5_HOK2_20_JRD,GACTAAGACTAA,JRD273,Sekiu,SEK1,SEK1-5,HOK2,20,Away,HostAquatic,0U,AWAY,0U,Hoko,HOK2,Hoko River,1
274,SEK1_1_HOK2_20_JRD,ATCACTCTTGTA,JRD274,Sekiu,SEK1,SEK1-1,HOK2,20,Away,HostAquatic,0U,AWAY,0U,Hoko,HOK2,Hoko River,1
275,SEK1_2_SEK1_20_JRD,GTGTAGGTGCTT,JRD275,Sekiu,SEK1,SEK1-2,SEK1,20,Home,HostAquatic,3,HOME,3,Sekiu,SEK1,Sekiu River,1
276,SEK1_5_SEK2_20_JRD,AGTCTGTCTGCG,JRD276,Sekiu,SEK1,SEK1-5,SEK2,20,Home,HostAquatic,1,AWAY,1,Sekiu,SEK2,Sekiu River,1
277,SEK1_5_HOK1_20_JRD,TGGGAGGTGGTA,16S_JRD277,Sekiu,SEK1,SEK1-5,HOK1,20,Away,HostAquatic,0D,AWAY,0D,Hoko,HOK1,Hoko River,2
278,SEK1_3_SEK2_20_JRD,TTGAGCTTGAGC,JRD278,Sekiu,SEK1,SEK1-3,SEK2,20,Home,HostAquatic,1,AWAY,1,Sekiu,SEK2,Sekiu River,1
279,SEK1_5_SEK1_20_JRD,CTAGGATCACTG,JRD279,Sekiu,SEK1,SEK1-5,SEK1,20,Home,HostAquatic,3,HOME,3,Sekiu,SEK1,Sekiu River,1
280,SEK1_4_HOK1_20_JRD,ACGGGTCATCAT,JRD280,Sekiu,SEK1,SEK1-4,HOK1,20,Away,HostAquatic,0D,AWAY,0D,Hoko,HOK1,Hoko River,1
281,SEK1_4_HOK2_20_JRD,CACACTGAAGTC,JRD281,Sekiu,SEK1,SEK1-4,HOK2,20,Away,HostAquatic,0U,AWAY,0U,Hoko,HOK2,Hoko River,1
282,HOK2_1_SEK1_5_JRD,ACCCACCACTAG,JRD282,Hoko,HOK2,HOK2-1,SEK1,5,Away,HostAquatic,0D,AWAY,0D,Sekiu,SEK1,Sekiu River,1
283,HOK2_1_SEK2_5_JRD,TCGACATCTCTT,JRD283,Hoko,HOK2,HOK2-1,SEK2,5,Away,HostAquatic,0U,AWAY,0U,Sekiu,SEK2,Sekiu River,1
284,HOK2_1_HOK1_5_JRD,ACGTGGTTCCAC,JRD284,Hoko,HOK2,HOK2-1,HOK1,5,Home,HostAquatic,2,HOME,2,Hoko,HOK1,Hoko River,1
285,SEK1_3_HOK2_20_JRD,ATCAATTGTCCT,JRD285,Sekiu,SEK1,SEK1-3,HOK2,20,Away,HostAquatic,0U,AWAY,0U,Hoko,HOK2,Hoko River,1
286,HOK2_2_HOK2_20_JRD,AGGCAGGGCCAT,JRD286,Hoko,HOK2,HOK2-2,HOK2,20,Home,HostAquatic,3,HOME,3,Hoko,HOK2,Hoko River,1
287,HOK2_1_SEK1_20_JRD,CAACAGGTAACT,JRD287,Hoko,HOK2,HOK2-1,SEK1,20,Away,HostAquatic,0D,AWAY,0D,Sekiu,SEK1,Sekiu River,1
288,HOK2_1_SEK2_20_JRD,GCTGTTTGACCG,JRD288,Hoko,HOK2,HOK2-1,SEK2,20,Away,HostAquatic,0U,AWAY,0U,Sekiu,SEK2,Sekiu River,1
289,HOK2_1_HOK1_20_JRD,CAATTCTGCTTC,16S_JRD289,Hoko,HOK2,HOK2-1,HOK1,20,Home,HostAquatic,2,HOME,2,Hoko,HOK1,Hoko River,2
290,HOK2_5_SEK2_20_JRD,GTTATACATTCA,16S_JRD290,Hoko,HOK2,HOK2-5,SEK2,20,Away,HostAquatic,0U,AWAY,0U,Sekiu,SEK2,Sekiu River,2
291,SEK2_5_SEK1_20_JRD,GATGTCATAGCC,16S_JRD291,Sekiu,SEK2,SEK2-5,SEK1,20,Home,HostAquatic,2,HOME,2,Sekiu,SEK1,Sekiu River,2
292,HOK2_1_HOK2_20_JRD,CGTGACAATAGT,16S_JRD292,Hoko,HOK2,HOK2-1,HOK2,20,Home,HostAquatic,3,HOME,3,Hoko,HOK2,Hoko River,2
293,HOK2_2_SEK1_20_JRD,GAGGGCGTGATC,16S_JRD293,Hoko,HOK2,HOK2-2,SEK1,20,Away,HostAquatic,0D,AWAY,0D,Sekiu,SEK1,Sekiu River,2
294,HOK2_2_HOK1_20_JRD,ATGGTCACAAAC,16S_JRD294,Hoko,HOK2,HOK2-2,HOK1,20,Home,HostAquatic,2,HOME,2,Hoko,HOK1,Hoko River,2
295,HOK2_2_SEK2_20_JRD,TTGTATGACAGG,16S_JRD295,Hoko,HOK2,HOK2-2,SEK2,20,Away,HostAquatic,0U,AWAY,0U,Sekiu,SEK2,Sekiu River,2
296,HOK2_5_HOK2_20_JRD,TGGAAACCATTG,JRD296,Hoko,HOK2,HOK2-5,HOK2,20,Home,HostAquatic,3,HOME,3,Hoko,HOK2,Hoko River,1
297,SEK2_2_HOK2_20_JRD,AACCCTAACTGG,JRD297,Sekiu,SEK2,SEK2-2,HOK2,20,Away,HostAquatic,0U,AWAY,0U,Hoko,HOK2,Hoko River,1
298,HOK2_3_SEK1_20_JRD,TATAACAATCTC,JRD298,Hoko,HOK2,HOK2-3,SEK1,20,Away,HostAquatic,0D,AWAY,0D,Sekiu,SEK1,Sekiu River,1
299,HOK2_3_SEK2_20_JRD,ACGAGGAGTCGA,JRD299,Hoko,HOK2,HOK2-3,SEK2,20,Away,HostAquatic,0U,AWAY,0U,Sekiu,SEK2,Sekiu River,1
300,HOK2_3_HOK1_20_JRD,TGGCGATACGTT,16S_JRD300,Hoko,HOK2,HOK2-3,HOK1,20,Home,HostAquatic,2,HOME,2,Hoko,HOK1,Hoko River,2
301,HOK2_4_SEK1_20_JRD,CTTTCAGGACCG,JRD301,Hoko,HOK2,HOK2-4,SEK1,20,Away,HostAquatic,0D,AWAY,0D,Sekiu,SEK1,Sekiu River,1
302,SEK1_3_HOK1_20_JRD,CGATCACCACAA,JRD302,Sekiu,SEK1,SEK1-3,HOK1,20,Away,HostAquatic,0D,AWAY,0D,Hoko,HOK1,Hoko River,1
303,SEK2_5_SEK2_20_JRD,AGTAGGAGGCAC,JRD303,Sekiu,SEK2,SEK2-5,SEK2,20,Home,HostAquatic,3,HOME,3,Sekiu,SEK2,Sekiu River,1
304,HOK2_4_SEK2_20_JRD,TGTACGGATAAC,JRD304,Hoko,HOK2,HOK2-4,SEK2,20,Away,HostAquatic,0U,AWAY,0U,Sekiu,SEK2,Sekiu River,1
305,HOK2_3_HOK2_20_JRD,AGGGTCGCCGCC,JRD305,Hoko,HOK2,HOK2-3,HOK2,20,Home,HostAquatic,3,HOME,3,Hoko,HOK2,Hoko River,1
306,HOK2_4_HOK1_20_JRD,GGTTCCATTAGG,JRD306,Hoko,HOK2,HOK2-4,HOK1,20,Home,HostAquatic,2,HOME,2,Hoko,HOK1,Hoko River,1
307,HOK2_4_HOK2_20_JRD,AAGGAAGTATAT,JRD307,Hoko,HOK2,HOK2-4,HOK2,20,Home,HostAquatic,3,HOME,3,Hoko,HOK2,Hoko River,1
308,SEK1_4_SEK1_20_JRD,TTGTTACGTTCC,JRD308,Sekiu,SEK1,SEK1-4,SEK1,20,Home,HostAquatic,3,HOME,3,Sekiu,SEK1,Sekiu River,1
309,SEK2_4_HOK1_20_JRD,CGCTACAACTCG,JRD309,Sekiu,SEK2,SEK2-4,HOK1,20,Away,HostAquatic,0D,AWAY,0D,Hoko,HOK1,Hoko River,1
310,SEK1_4_SEK2_20_JRD,ATCAGCCAGCTC,JRD310,Sekiu,SEK1,SEK1-4,SEK2,20,Home,HostAquatic,1,AWAY,1,Sekiu,SEK2,Sekiu River,1
311,SEK2_3_SEK1_20_JRD,ATTTCTTAGCCA,JRD311,Sekiu,SEK2,SEK2-3,SEK1,20,Home,HostAquatic,2,HOME,2,Sekiu,SEK1,Sekiu River,1
312,SEK2_3_SEK2_20_JRD,GGTAAGTTTGAC,16S_JRD312,Sekiu,SEK2,SEK2-3,SEK2,20,Home,HostAquatic,3,HOME,3,Sekiu,SEK2,Sekiu River,2
313,SEK2_2_HOK1_20_JRD,ATTCGCCAAGAA,JRD313,Sekiu,SEK2,SEK2-2,HOK1,20,Away,HostAquatic,0D,AWAY,0D,Hoko,HOK1,Hoko River,1
314,SEK2_2_SEK2_20_JRD,GGCCGCGATCGA,JRD314,Sekiu,SEK2,SEK2-2,SEK2,20,Home,HostAquatic,3,HOME,3,Sekiu,SEK2,Sekiu River,1
315,SEK2_2_SEK1_20_JRD,AGTGCGTTCTAG,JRD315,Sekiu,SEK2,SEK2-2,SEK1,20,Home,HostAquatic,2,HOME,2,Sekiu,SEK1,Sekiu River,1
316,SEK2_1_HOK1_20_JRD,CAATTAATGTAT,JRD316,Sekiu,SEK2,SEK2-1,HOK1,20,Away,HostAquatic,0D,AWAY,0D,Hoko,HOK1,Hoko River,1
317,SEK2_1_HOK2_20_JRD,CTGTGATCGGAT,JRD317,Sekiu,SEK2,SEK2-1,HOK2,20,Away,HostAquatic,0U,AWAY,0U,Hoko,HOK2,Hoko River,1
318,SEK2_5_HOK2_20_JRD,GATCGGTTAATG,JRD318,Sekiu,SEK2,SEK2-5,HOK2,20,Away,HostAquatic,0U,AWAY,0U,Hoko,HOK2,Hoko River,1
319,SEK2_5_HOK1_20_JRD,AGGTGGTGGAGT,JRD319,Sekiu,SEK2,SEK2-5,HOK1,20,Away,HostAquatic,0D,AWAY,0D,Hoko,HOK1,Hoko River,1
320,SEK1_3_SEK1_20_JRD,TGGACGGCCCAG,JRD320,Sekiu,SEK1,SEK1-3,SEK1,20,Home,HostAquatic,3,HOME,3,Sekiu,SEK1,Sekiu River,1
321,SEK1_2_SEK2_20_JRD,CTTACTTTAACG,JRD321,Sekiu,SEK1,SEK1-2,SEK2,20,Home,HostAquatic,1,AWAY,1,Sekiu,SEK2,Sekiu River,1
322,SEK1_2_HOK1_20_JRD,TGCTCCGTAGAA,JRD322,Sekiu,SEK1,SEK1-2,HOK1,20,Away,HostAquatic,0D,AWAY,0D,Hoko,HOK1,Hoko River,1
323,SEK1_2_HOK2_20_JRD,TCCTTGTCCTTG,JRD323,Sekiu,SEK1,SEK1-2,HOK2,20,Away,HostAquatic,0U,AWAY,0U,Hoko,HOK2,Hoko River,1
324,SEK2_1_HOK1_5_JRD,CACCGCTCACAA,JRD324,Sekiu,SEK2,SEK2-1,HOK1,5,Away,HostAquatic,0D,AWAY,0D,Hoko,HOK1,Hoko River,1
325,SEK2_1_SEK1_5_JRD,GTGTTGTCGTGC,JRD325,Sekiu,SEK2,SEK2-1,SEK1,5,Home,HostAquatic,2,HOME,2,Sekiu,SEK1,Sekiu River,1
326,SEK2_1_SEK2_5_JRD,GTTATGACGGAT,JRD326,Sekiu,SEK2,SEK2-1,SEK2,5,Home,HostAquatic,3,HOME,3,Sekiu,SEK2,Sekiu River,1
327,SEK2_3_HOK2_20_JRD,GCTCAGGACTCT,JRD327,Sekiu,SEK2,SEK2-3,HOK2,20,Away,HostAquatic,0U,AWAY,0U,Hoko,HOK2,Hoko River,1
328,SEK2_4_HOK1_5_JRD,TAGTACTATACT,JRD328,Sekiu,SEK2,SEK2-4,HOK1,5,Away,HostAquatic,0D,AWAY,0D,Hoko,HOK1,Hoko River,1
329,SEK2_4_SEK2_5_JRD,ATAGCACCAGAT,JRD329,Sekiu,SEK2,SEK2-4,SEK2,5,Home,HostAquatic,3,HOME,3,Sekiu,SEK2,Sekiu River,1
330,SEK2_4_SEK1_5_JRD,GTGAACTGGATT,JRD330,Sekiu,SEK2,SEK2-4,SEK1,5,Home,HostAquatic,2,HOME,2,Sekiu,SEK1,Sekiu River,1
331,SEK2_2_HOK2_5_JRD,ATTCGAGCTGTG,JRD331,Sekiu,SEK2,SEK2-2,HOK2,5,Away,HostAquatic,0U,AWAY,0U,Hoko,HOK2,Hoko River,1
332,SEK2_2_SEK1_5_JRD,ATAAGGTCGCCT,JRD332,Sekiu,SEK2,SEK2-2,SEK1,5,Home,HostAquatic,2,HOME,2,Sekiu,SEK1,Sekiu River,1
333,SEK2_2_SEK2_5_JRD,CGGGATCAAATT,JRD333,Sekiu,SEK2,SEK2-2,SEK2,5,Home,HostAquatic,3,HOME,3,Sekiu,SEK2,Sekiu River,1
334,SEK2_4_SEK1_20_JRD,CGTTAGTGACTG,JRD334,Sekiu,SEK2,SEK2-4,SEK1,20,Home,HostAquatic,2,HOME,2,Sekiu,SEK1,Sekiu River,1
335,SEK2_4_SEK2_20_JRD,TCGCCTATAAGG,JRD335,Sekiu,SEK2,SEK2-4,SEK2,20,Home,HostAquatic,3,HOME,3,Sekiu,SEK2,Sekiu River,1
336,SEK2_3_HOK1_20_JRD,ATCAAACGCATG,JRD336,Sekiu,SEK2,SEK2-3,HOK1,20,Away,HostAquatic,0D,AWAY,0D,Hoko,HOK1,Hoko River,1
337,SEK2_4_HOK2_20_JRD,TTGCTCAATTTG,JRD337,Sekiu,SEK2,SEK2-4,HOK2,20,Away,HostAquatic,0U,AWAY,0U,Hoko,HOK2,Hoko River,1
338,SEK2_5_HOK2_5_JRD,TCGTCCTCGCGA,JRD338,Sekiu,SEK2,SEK2-5,HOK2,5,Away,HostAquatic,0U,AWAY,0U,Hoko,HOK2,Hoko River,1
339,SEK2_5_HOK1_5_JRD,TCTTCAACTACC,JRD339,Sekiu,SEK2,SEK2-5,HOK1,5,Away,HostAquatic,0D,AWAY,0D,Hoko,HOK1,Hoko River,1
340,SEK2_5_SEK2_5_JRD,TCACGTATTCTC,JRD340,Sekiu,SEK2,SEK2-5,SEK2,5,Home,HostAquatic,3,HOME,3,Sekiu,SEK2,Sekiu River,1
341,SEK2_5_SEK1_5_JRD,TGACCGGCTGTT,JRD341,Sekiu,SEK2,SEK2-5,SEK1,5,Home,HostAquatic,2,HOME,2,Sekiu,SEK1,Sekiu River,1
342,SEK2_4_HOK2_5_JRD,CATCCCTCTACT,JRD342,Sekiu,SEK2,SEK2-4,HOK2,5,Away,HostAquatic,0U,AWAY,0U,Hoko,HOK2,Hoko River,1
343,SEK2_3_SEK1_5_JRD,TCGCATGGATAC,JRD343,Sekiu,SEK2,SEK2-3,SEK1,5,Home,HostAquatic,2,HOME,2,Sekiu,SEK1,Sekiu River,1
344,SEK2_3_HOK2_5_JRD,ACCACACGTAGT,JRD344,Sekiu,SEK2,SEK2-3,HOK2,5,Away,HostAquatic,0U,AWAY,0U,Hoko,HOK2,Hoko River,1
345,SEK2_3_HOK1_5_JRD,AGTTTAATCTCA,JRD345,Sekiu,SEK2,SEK2-3,HOK1,5,Away,HostAquatic,0D,AWAY,0D,Hoko,HOK1,Hoko River,1
346,SEK2_3_SEK2_5_JRD,CAGAGAACTTAA,JRD346,Sekiu,SEK2,SEK2-3,SEK2,5,Home,HostAquatic,3,HOME,3,Sekiu,SEK2,Sekiu River,1
347,SEK2_2_HOK1_5_JRD,CACTAACAAACG,JRD347,Sekiu,SEK2,SEK2-2,HOK1,5,Away,HostAquatic,0D,AWAY,0D,Hoko,HOK1,Hoko River,1
348,SEK2_1_HOK2_5_JRD,AACAACGGCCGG,JRD348,Sekiu,SEK2,SEK2-1,HOK2,5,Away,HostAquatic,0U,AWAY,0U,Hoko,HOK2,Hoko River,1
349,HOK1_1_SEK1_0_JRD,CATTAAAGTTCT,JRD349,Hoko,HOK1,HOK1-1,SEK1,0,NoDeployment,HostTerrestrial,0D,AWAY,Fresh,NoDeployment,Fresh,Sekiu River,1
350,HOK1_1_SEK2_0_JRD,ACGCAATGTCTG,JRD350,Hoko,HOK1,HOK1-1,SEK2,0,NoDeployment,HostTerrestrial,0U,AWAY,Fresh,NoDeployment,Fresh,Sekiu River,1
351,HOK1_2_HOK1_0_JRD,GCTCCGACCATA,JRD351,Hoko,HOK1,HOK1-2,HOK1,0,NoDeployment,HostTerrestrial,3,HOME,Fresh,NoDeployment,Fresh,Hoko River,1
352,HOK2_1_HOK2_0_JRD,ACAATAGACACC,JRD352,Hoko,HOK2,HOK2-1,HOK2,0,NoDeployment,HostTerrestrial,3,HOME,Fresh,NoDeployment,Fresh,Hoko River,1
353,HOK2_3_SEK2_0_JRD,GCGAACCTATAC,JRD353,Hoko,HOK2,HOK2-3,SEK2,0,NoDeployment,HostTerrestrial,0U,AWAY,Fresh,NoDeployment,Fresh,Sekiu River,1
354,HOK2_3_SEK1_0_JRD,CTTGGCCTGTAG,JRD354,Hoko,HOK2,HOK2-3,SEK1,0,NoDeployment,HostTerrestrial,0D,AWAY,Fresh,NoDeployment,Fresh,Sekiu River,1
355,HOK2_4_HOK2_0_JRD,GGCGCCATCTCT,JRD355,Hoko,HOK2,HOK2-4,HOK2,0,NoDeployment,HostTerrestrial,3,HOME,Fresh,NoDeployment,Fresh,Hoko River,1
356,HOK2_3_HOK1_0_JRD,CACCCACGTTGA,JRD356,Hoko,HOK2,HOK2-3,HOK1,0,NoDeployment,HostTerrestrial,2,HOME,Fresh,NoDeployment,Fresh,Hoko River,1
357,HOK2_3_HOK2_0_JRD,AGAACCGTCATA,JRD357,Hoko,HOK2,HOK2-3,HOK2,0,NoDeployment,HostTerrestrial,3,HOME,Fresh,NoDeployment,Fresh,Hoko River,1
358,HOK2_5_HOK1_0_JRD,AAGAGCAGAGCC,JRD358,Hoko,HOK2,HOK2-5,HOK1,0,NoDeployment,HostTerrestrial,2,HOME,Fresh,NoDeployment,Fresh,Hoko River,1
359,HOK2_5_HOK2_0_JRD,AAGGCCTTTACG,JRD359,Hoko,HOK2,HOK2-5,HOK2,0,NoDeployment,HostTerrestrial,3,HOME,Fresh,NoDeployment,Fresh,Hoko River,1
360,HOK2_5_SEK2_0_JRD,TCACTTGGTGCG,JRD360,Hoko,HOK2,HOK2-5,SEK2,0,NoDeployment,HostTerrestrial,0U,AWAY,Fresh,NoDeployment,Fresh,Sekiu River,1
361,HOK2_5_SEK1_0_JRD,GCTGTACGGATT,JRD361,Hoko,HOK2,HOK2-5,SEK1,0,NoDeployment,HostTerrestrial,0D,AWAY,Fresh,NoDeployment,Fresh,Sekiu River,1
362,HOK2_4_SEK1_0_JRD,TATCGCGCGATA,JRD362,Hoko,HOK2,HOK2-4,SEK1,0,NoDeployment,HostTerrestrial,0D,AWAY,Fresh,NoDeployment,Fresh,Sekiu River,1
363,HOK2_4_SEK2_0_JRD,TGTGACAGGGCG,JRD363,Hoko,HOK2,HOK2-4,SEK2,0,NoDeployment,HostTerrestrial,0U,AWAY,Fresh,NoDeployment,Fresh,Sekiu River,1
364,HOK2_2_HOK2_0_JRD,CGAGACCTGGGC,JRD364,Hoko,HOK2,HOK2-2,HOK2,0,NoDeployment,HostTerrestrial,3,HOME,Fresh,NoDeployment,Fresh,Hoko River,1
365,HOK2_2_HOK1_0_JRD,ATAAGTAACCGC,JRD365,Hoko,HOK2,HOK2-2,HOK1,0,NoDeployment,HostTerrestrial,2,HOME,Fresh,NoDeployment,Fresh,Hoko River,1
366,HOK2_2_SEK2_0_JRD,TTGACCGCGGTT,JRD366,Hoko,HOK2,HOK2-2,SEK2,0,NoDeployment,HostTerrestrial,0U,AWAY,Fresh,NoDeployment,Fresh,Sekiu River,1
367,Bacillus_Control_1_JRD,GCACCCTGGTCT,JRD367,Null,Null,Null,Null,Null,Null,Null,Null,Null,Null,Null,Null,Null,1
368,Bacillus_Control_2_JRD,TATGATTGCATT,JRD368,Null,Null,Null,Null,Null,Null,Null,Null,Null,Null,Null,Null,Null,1
369,Bacillus_Control_3_JRD,CTATCATCCTCA,JRD369,Null,Null,Null,Null,Null,Null,Null,Null,Null,Null,Null,Null,Null,1
370,Bacillus_Control_4_JRD,TGGAAGAACGGC,JRD370,Null,Null,Null,Null,Null,Null,Null,Null,Null,Null,Null,Null,Null,1
371,HOK2_1_SEK2_0_JRD,AGAAAGGGTGTG,JRD371,Hoko,HOK2,HOK2-1,SEK2,0,NoDeployment,HostTerrestrial,0U,AWAY,Fresh,NoDeployment,Fresh,Sekiu River,1
372,HOK1_5_HOK2_0_JRD,TCCTATCGGCCG,JRD372,Hoko,HOK1,HOK1-5,HOK2,0,NoDeployment,HostTerrestrial,1,AWAY,Fresh,NoDeployment,Fresh,Hoko River,1
373,HOK1_4_SEK1_0_JRD,AATTCCGAACGC,JRD373,Hoko,HOK1,HOK1-4,SEK1,0,NoDeployment,HostTerrestrial,0D,AWAY,Fresh,NoDeployment,Fresh,Sekiu River,1
374,HOK1_3_HOK1_0_JRD,GTCTCGCCTACG,JRD374,Hoko,HOK1,HOK1-3,HOK1,0,NoDeployment,HostTerrestrial,3,HOME,Fresh,NoDeployment,Fresh,Hoko River,1
375,HOK1_2_SEK2_0_JRD,AATTGGCGGGCG,JRD375,Hoko,HOK1,HOK1-2,SEK2,0,NoDeployment,HostTerrestrial,0U,AWAY,Fresh,NoDeployment,Fresh,Sekiu River,1
376,HOK1_3_SEK1_0_JRD,GAAGTGTATCTG,JRD376,Hoko,HOK1,HOK1-3,SEK1,0,NoDeployment,HostTerrestrial,0D,AWAY,Fresh,NoDeployment,Fresh,Sekiu River,1
377,HOK1_3_SEK2_0_JRD,GTTACCCGAGCT,JRD377,Hoko,HOK1,HOK1-3,SEK2,0,NoDeployment,HostTerrestrial,0U,AWAY,Fresh,NoDeployment,Fresh,Sekiu River,1
378,HOK1_2_HOK2_0_JRD,ATACGATGGATA,JRD378,Hoko,HOK1,HOK1-2,HOK2,0,NoDeployment,HostTerrestrial,1,AWAY,Fresh,NoDeployment,Fresh,Hoko River,1
379,HOK1_1_HOK1_0_JRD,GTTCTCTTCTCG,JRD379,Hoko,HOK1,HOK1-1,HOK1,0,NoDeployment,HostTerrestrial,3,HOME,Fresh,NoDeployment,Fresh,Hoko River,1
380,HOK1_1_HOK2_0_JRD,CTAGAAAGAAAT,JRD380,Hoko,HOK1,HOK1-1,HOK2,0,NoDeployment,HostTerrestrial,1,AWAY,Fresh,NoDeployment,Fresh,Hoko River,1
381,HOK1_2_SEK1_0_JRD,GGCTCAGATTCC,JRD381,Hoko,HOK1,HOK1-2,SEK1,0,NoDeployment,HostTerrestrial,0D,AWAY,Fresh,NoDeployment,Fresh,Sekiu River,1
382,HOK1_4_HOK2_0_JRD,CCGTTATCAGCG,JRD382,Hoko,HOK1,HOK1-4,HOK2,0,NoDeployment,HostTerrestrial,1,AWAY,Fresh,NoDeployment,Fresh,Hoko River,1
383,HOK2_2_SEK1_0_JRD,TCACGAGTCACA,JRD383,Hoko,HOK2,HOK2-2,SEK1,0,NoDeployment,HostTerrestrial,0D,AWAY,Fresh,NoDeployment,Fresh,Sekiu River,1
384,HOK2_1_HOK1_0_JRD,CCGGGAAGCCAC,JRD384,Hoko,HOK2,HOK2-1,HOK1,0,NoDeployment,HostTerrestrial,2,HOME,Fresh,NoDeployment,Fresh,Hoko River,1
385,HOK2_1_SEK1_0_JRD,TCAGCCTCAGCC,JRD385,Hoko,HOK2,HOK2-1,SEK1,0,NoDeployment,HostTerrestrial,0D,AWAY,Fresh,NoDeployment,Fresh,Sekiu River,1
386,HOK2_4_HOK1_0_JRD,TGCAGGGAACCG,JRD386,Hoko,HOK2,HOK2-4,HOK1,0,NoDeployment,HostTerrestrial,2,HOME,Fresh,NoDeployment,Fresh,Hoko River,1
387,Bacillus_Control_5_JRD,CAGCGCGGCTAG,JRD387,Null,Null,Null,Null,Null,Null,Null,Null,Null,Null,Null,Null,Null,1
388,Bacillus_Control_6_JRD,ATGGACCTAGCT,16S_JRD388,Null,Null,Null,Null,Null,Null,Null,Null,Null,Null,Null,Null,Null,2
389,Bacillus_Control_7_JRD,CTAGCCCGTTCG,16S_JRD389,Null,Null,Null,Null,Null,Null,Null,Null,Null,Null,Null,Null,Null,2
390,Bacillus_Control_8_JRD,ACGGGCACGACA,16S_JRD390,Null,Null,Null,Null,Null,Null,Null,Null,Null,Null,Null,Null,Null,2
391,HOK1_4_HOK1_0_JRD,TACGAGCCCTAA,JRD391,Hoko,HOK1,HOK1-4,HOK1,0,NoDeployment,HostTerrestrial,3,HOME,Fresh,NoDeployment,Fresh,Hoko River,1
392,HOK1_4_SEK2_0_JRD,CAATGGTTTCTT,JRD392,Hoko,HOK1,HOK1-4,SEK2,0,NoDeployment,HostTerrestrial,0U,AWAY,Fresh,NoDeployment,Fresh,Sekiu River,1
393,HOK1_5_SEK1_0_JRD,ACCCAGTATGGT,JRD393,Hoko,HOK1,HOK1-5,SEK1,0,NoDeployment,HostTerrestrial,0D,AWAY,Fresh,NoDeployment,Fresh,Sekiu River,1
394,HOK1_5_HOK1_0_JRD,GAACAGCTCTAC,JRD394,Hoko,HOK1,HOK1-5,HOK1,0,NoDeployment,HostTerrestrial,3,HOME,Fresh,NoDeployment,Fresh,Hoko River,1
395,HOK1_5_SEK2_0_JRD,GACGACATTTAG,JRD395,Hoko,HOK1,HOK1-5,SEK2,0,NoDeployment,HostTerrestrial,0U,AWAY,Fresh,NoDeployment,Fresh,Sekiu River,1
396,HOK1_3_HOK2_0_JRD,GCAGACGGAACC,16S_JRD396,Hoko,HOK1,HOK1-3,HOK2,0,NoDeployment,HostTerrestrial,1,AWAY,Fresh,NoDeployment,Fresh,Hoko River,2
397,SEK1_WC_Streivex_0_JRD,ATTGATATTGAT,JRD397,Sekiu,SEK1,WC,Streivex,0,NoDeployment,FreeLiving_Water,SEK1_water,SEK1_water,SEK1_water,NoDeployment,Streivex,Streivex,1
398,SEK1_WC_Streivex_5_JRD,GACTGGAGATGG,JRD398,Sekiu,SEK1,WC,Streivex,5,SEK1_water,FreeLiving_Water,SEK1_water,SEK1_water,SEK1_water,NoDeployment,Streivex,Streivex,1
399,Paracoccus_Control_1_JRD,CGCCCGGGACAC,JRD399,Null,Null,Null,Null,Null,Null,Null,Null,Null,Null,Null,Null,Null,1
400,Paracoccus_Control_2_JRD,CGCTCTTAACGG,JRD400,Null,Null,Null,Null,Null,Null,Null,Null,Null,Null,Null,Null,Null,1
401,Paracoccus_Control _3_JRD,TATTAGCCTATC,JRD401,Null,Null,Null,Null,Null,Null,Null,Null,Null,Null,Null,Null,Null,1
402,Paracoccus_Control_4_JRD,GTATTTCGGACG,JRD402,Null,Null,Null,Null,Null,Null,Null,Null,Null,Null,Null,Null,Null,1
403,SEK2_WC_Streivex_5_JRD,ACTAGCGTTCAG,JRD403,Sekiu,SEK2,WC,Streivex,5,SEK2_water,FreeLiving_Water,SEK2_water,SEK2_water,SEK2_water,NoDeployment,Streivex,Streivex,1
404,SEK1_WC_Streivex_20_JRD,TCCGTATGCGCC,16S_JRD404,Sekiu,SEK1,WC,Streivex,20,SEK1_water,FreeLiving_Water,SEK1_water,SEK1_water,SEK1_water,NoDeployment,Streivex,Streivex,2
405,SEK1_WC_Streivex_10_JRD,AGGTTAAGTGCT,JRD405,Sekiu,SEK1,WC,Streivex,10,SEK1_water,FreeLiving_Water,SEK1_water,SEK1_water,SEK1_water,NoDeployment,Streivex,Streivex,1
406,HOK2_WC_Streivex_0_JRD,GATTATCGACGA,JRD406,Hoko,HOK2,WC,Streivex,0,NoDeployment,FreeLiving_Water,HOK2_water,HOK2_water,HOK2_water,NoDeployment,Streivex,Streivex,1
407,HOK2_WC_Streivex_15_JRD,GTCCCGTGAAAT,JRD407,Hoko,HOK2,WC,Streivex,15,HOK2_water,FreeLiving_Water,HOK2_water,HOK2_water,HOK2_water,NoDeployment,Streivex,Streivex,1
408,HOK1_WC_Streivex_15_JRD,CTGACGATCCGT,JRD408,Hoko,HOK1,WC,Streivex,15,HOK1_water,FreeLiving_Water,HOK1_water,HOK1_water,HOK1_water,NoDeployment,Streivex,Streivex,1
409,HOK2_WC_Streivex_5_JRD,ATGGAGTTGTTG,JRD409,Hoko,HOK2,WC,Streivex,5,HOK2_water,FreeLiving_Water,HOK2_water,HOK2_water,HOK2_water,NoDeployment,Streivex,Streivex,1
410,HOK2_WC_Streivex_20_JRD,CACTTCTTTGTG,JRD410,Hoko,HOK2,WC,Streivex,20,HOK2_water,FreeLiving_Water,HOK2_water,HOK2_water,HOK2_water,NoDeployment,Streivex,Streivex,1
411,SEK1_WC_Streivex_15_JRD,CTCGGATAGATC,JRD411,Sekiu,SEK1,WC,Streivex,15,SEK1_water,FreeLiving_Water,SEK1_water,SEK1_water,SEK1_water,NoDeployment,Streivex,Streivex,1
412,SEK2_WC_Streivex_0_JRD,TAAACAATCAGG,JRD412,Sekiu,SEK2,WC,Streivex,0,NoDeployment,FreeLiving_Water,SEK2_water,SEK2_water,SEK2_water,NoDeployment,Streivex,Streivex,1
413,HOK2_WC_Streivex_10_JRD,ACTAGACGACTA,JRD413,Hoko,HOK2,WC,Streivex,10,HOK2_water,FreeLiving_Water,HOK2_water,HOK2_water,HOK2_water,NoDeployment,Streivex,Streivex,1
414,HOK1_WC_Streivex_5_JRD,GTAATGCGTAAC,JRD414,Hoko,HOK1,WC,Streivex,5,HOK1_water,FreeLiving_Water,HOK1_water,HOK1_water,HOK1_water,NoDeployment,Streivex,Streivex,1
415,SEK2_WC_Streivex_15_JRD,CGCGTTCCCAGT,JRD415,Sekiu,SEK2,WC,Streivex,15,SEK2_water,FreeLiving_Water,SEK2_water,SEK2_water,SEK2_water,NoDeployment,Streivex,Streivex,1
416,SEK2_WC_Streivex_10_JRD,TGTACCAACCGA,JRD416,Sekiu,SEK2,WC,Streivex,10,SEK2_water,FreeLiving_Water,SEK2_water,SEK2_water,SEK2_water,NoDeployment,Streivex,Streivex,1
417,Paracoccus_Control_5_JRD,GTATGGAGCTAT,16S_JRD417,Null,Null,Null,Null,Null,Null,Null,Null,Null,Null,Null,Null,Null,2
418,Paracoccus_Control_6_JRD,CGGGCTTCATCA,16S_JRD418,Null,Null,Null,Null,Null,Null,Null,Null,Null,Null,Null,Null,Null,2
419,Paracoccus_Control_7_JRD,TGCCATTAGAGC,16S_JRD419,Null,Null,Null,Null,Null,Null,Null,Null,Null,Null,Null,Null,Null,2
420,Paracoccus_Control_8_JRD,CCGATCTCCGAC,16S_JRD420,Null,Null,Null,Null,Null,Null,Null,Null,Null,Null,Null,Null,Null,2
421,SEK1_3_HOK1_10_JRD,GCAGCGGTGGCT,JRD421,Sekiu,SEK1,SEK1-3,HOK1,10,Away,HostAquatic,0D,AWAY,0D,Hoko,HOK1,Hoko River,1
422,SEK1_3_HOK2_10_JRD,TAGCGGAAGACG,JRD422,Sekiu,SEK1,SEK1-3,HOK2,10,Away,HostAquatic,0U,AWAY,0U,Hoko,HOK2,Hoko River,1
423,SEK2_1_SEK1_20_JRD,TCCATTTCATGC,JRD423,Sekiu,SEK2,SEK2-1,SEK1,20,Home,HostAquatic,2,HOME,2,Sekiu,SEK1,Sekiu River,1
424,SEK2_1_SEK2_20_JRD,TAGTTACTAGTT,JRD424,Sekiu,SEK2,SEK2-1,SEK2,20,Home,HostAquatic,3,HOME,3,Sekiu,SEK2,Sekiu River,1
425,SEK2_WC_Streivex_20_JRD,TCACGCCGGAGG,JRD425,Sekiu,SEK2,WC,Streivex,20,SEK2_water,FreeLiving_Water,SEK2_water,SEK2_water,SEK2_water,NoDeployment,Streivex,Streivex,1
426,HOK1_WC_Streivex_20_JRD,GGTCCGAAGCCG,JRD426,Hoko,HOK1,WC,Streivex,20,HOK1_water,FreeLiving_Water,HOK1_water,HOK1_water,HOK1_water,NoDeployment,Streivex,Streivex,1
427,HOK1_WC_Streivex_0_JRD,CCGGTCCGGGCA,JRD427,Hoko,HOK1,WC,Streivex,0,NoDeployment,FreeLiving_Water,HOK1_water,HOK1_water,HOK1_water,NoDeployment,Streivex,Streivex,1
428,HOK1_WC_Streivex_10_JRD,CAGCCGCATATC,JRD428,Hoko,HOK1,WC,Streivex,10,HOK1_water,FreeLiving_Water,HOK1_water,HOK1_water,HOK1_water,NoDeployment,Streivex,Streivex,1